"HITId","HITTypeId","Title","Description","Keywords","Reward","CreationTime","MaxAssignments","RequesterAnnotation","AssignmentDurationInSeconds","AutoApprovalDelayInSeconds","Expiration","NumberOfSimilarHITs","LifetimeInSeconds","AssignmentId","WorkerId","AssignmentStatus","AcceptTime","SubmitTime","AutoApprovalTime","ApprovalTime","RejectionTime","RequesterFeedback","WorkTimeInSeconds","LifetimeApprovalRate","Last30DaysApprovalRate","Last7DaysApprovalRate","Answer._","Answer.confAnswer0","Answer.confAnswer1","Answer.confAnswer10","Answer.confAnswer2","Answer.confAnswer3","Answer.confAnswer4","Answer.confAnswer5","Answer.confAnswer6","Answer.confAnswer7","Answer.confAnswer8","Answer.confAnswer9","Answer.confidenceTime0","Answer.confidenceTime1","Answer.confidenceTime10","Answer.confidenceTime2","Answer.confidenceTime3","Answer.confidenceTime4","Answer.confidenceTime5","Answer.confidenceTime6","Answer.confidenceTime7","Answer.confidenceTime8","Answer.confidenceTime9","Answer.estimAnswer0","Answer.estimAnswer1","Answer.estimAnswer10","Answer.estimAnswer2","Answer.estimAnswer3","Answer.estimAnswer4","Answer.estimAnswer5","Answer.estimAnswer6","Answer.estimAnswer7","Answer.estimAnswer8","Answer.estimAnswer9","Answer.estimationTime0","Answer.estimationTime1","Answer.estimationTime10","Answer.estimationTime2","Answer.estimationTime3","Answer.estimationTime4","Answer.estimationTime5","Answer.estimationTime6","Answer.estimationTime7","Answer.estimationTime8","Answer.estimationTime9","Answer.opinion0","Answer.opinion1","Answer.opinion10","Answer.opinion2","Answer.opinion3","Answer.opinion4","Answer.opinion5","Answer.opinion6","Answer.opinion7","Answer.opinion8","Answer.opinion9","Answer.orig_index0","Answer.orig_index1","Answer.orig_index10","Answer.orig_index2","Answer.orig_index3","Answer.orig_index4","Answer.orig_index5","Answer.orig_index6","Answer.orig_index7","Answer.orig_index8","Answer.orig_index9","Answer.reactionTimeAnswer0","Answer.reactionTimeAnswer1","Answer.reactionTimeAnswer10","Answer.reactionTimeAnswer2","Answer.reactionTimeAnswer3","Answer.reactionTimeAnswer4","Answer.reactionTimeAnswer5","Answer.reactionTimeAnswer6","Answer.reactionTimeAnswer7","Answer.reactionTimeAnswer8","Answer.reactionTimeAnswer9","Answer.realFakeTime0","Answer.realFakeTime1","Answer.realFakeTime10","Answer.realFakeTime2","Answer.realFakeTime3","Answer.realFakeTime4","Answer.realFakeTime5","Answer.realFakeTime6","Answer.realFakeTime7","Answer.realFakeTime8","Answer.realFakeTime9","Answer.startTime0","Answer.startTime1","Answer.startTime10","Answer.startTime2","Answer.startTime3","Answer.startTime4","Answer.startTime5","Answer.startTime6","Answer.startTime7","Answer.startTime8","Answer.startTime9","Answer.validAnswer0","Answer.validAnswer1","Answer.validAnswer10","Answer.validAnswer2","Answer.validAnswer3","Answer.validAnswer4","Answer.validAnswer5","Answer.validAnswer6","Answer.validAnswer7","Answer.validAnswer8","Answer.validAnswer9","Answer.validationTime0","Answer.validationTime1","Answer.validationTime10","Answer.validationTime2","Answer.validationTime3","Answer.validationTime4","Answer.validationTime5","Answer.validationTime6","Answer.validationTime7","Answer.validationTime8","Answer.validationTime9","Approve","Reject"
"308KJXFUJRRZOU5VBX617M9NUAXATO","3MID1PD49GFHHGQUCLTH9ZC5OKGKWZ","Is this news real or fake? (<10 minutes; earn 3x your reward by bonuses!)","Tell us if you think these news pieces are real or fake.","experiment, game, fact-checking","$2.00","Tue Jun 19 10:38:13 PDT 2018","50","BatchId:3274304;OriginalHitTemplateId:920937336;","21600","3600","Tue Jun 26 10:38:13 PDT 2018","","","304SM51WA4P6EOU2ID68HCTUTK8SB0","A39GADIK8RLMVC","Approved","Tue Jun 19 10:38:26 PDT 2018","Tue Jun 19 11:40:13 PDT 2018","Tue Jun 19 12:40:13 PDT 2018","2018-06-19 19:41:00 UTC","","","3707","100% (1/1)","100% (1/1)","100% (1/1)","{}","90","85","90","80","90","80","70","80","70","90","80","1529433351172","1529433244857","1529433057177","1529433616262","1529433376545","1529433226000","1529433424160","1529433582570","1529433592635","1529433456521","1529433511277","70","70","60","65","60","60","60","60","60","80","50","1529433352223","1529433246616","1529433058321","1529433648359","1529433377858","1529433226224","1529433424354","1529433583671","1529433594071","1529433457950","1529433512617","-1","1","-1","1","1","-1","-1","-1","-1","1","1","10","19","87","51","53","55","70","71","72","81","82","17072","105687","162382","41855","52632","32809","27183","15528","18392","57944","72743","1529433350734","1529433244415","1529433051944","1529433610071","1529433375965","1529433223552","1529433419359","1529433582167","1529433592087","1529433456064","1529433510743","1529433347317","1529433241630","1529433046438","1529433608813","1529433364389","1529433208820","1529433417022","1529433574893","1529433590421","1529433444206","1529433502150","grapefruit","banana","kiwi","mango","avocado","blackberry","olive","blueberry","cherry","pear","pineapple","1529433364326","1529433345486","1529433206875","1529433648376","1529433372386","1529433226711","1529433444133","1529433583991","1529433594575","1529433502083","1529433573412"
"308KJXFUJRRZOU5VBX617M9NUAXATO","3MID1PD49GFHHGQUCLTH9ZC5OKGKWZ","Is this news real or fake? (<10 minutes; earn 3x your reward by bonuses!)","Tell us if you think these news pieces are real or fake.","experiment, game, fact-checking","$2.00","Tue Jun 19 10:38:13 PDT 2018","50","BatchId:3274304;OriginalHitTemplateId:920937336;","21600","3600","Tue Jun 26 10:38:13 PDT 2018","","","317HQ483I8DJLJG3GRH345N11BKNIS","A1RSDFFZIVE5BO","Approved","Tue Jun 19 10:38:29 PDT 2018","Tue Jun 19 11:12:15 PDT 2018","Tue Jun 19 12:12:15 PDT 2018","2018-06-19 19:13:00 UTC","","","2026","100% (2/2)","100% (1/1)","100% (1/1)","{}","50","65","50","50","50","50","90","50","90","50","50","1529430766297","1529430137749","1529430471459","1529431504160","1529431767278","1529431911532","1529430230181","1529431712837","1529431630445","1529430707336","1529430995556","50","20","50","20","30","50","50","50","10","30","30","1529430769433","1529430145064","1529430453041","1529431507376","1529431770175","1529431914398","1529430233537","1529431716482","1529431635760","1529430709713","1529430998270","-1","-1","-1","-1","-1","1","1","-1","-1","1","1","10","19","87","51","53","55","70","71","72","81","82","67880","175051","204596","517299","50213","147648","62432","90386","112649","244325","225147","1529430765104","1529430136757","1529430448865","1529431502628","1529431766480","1529431910589","1529430229158","1529431711982","1529431629267","1529430706209","1529430994667","1529430718580","1529430032175","1529430269658","1529431011609","1529431731944","1529431782158","1529430207226","1529431641557","1529431528908","1529430474254","1529430786460","grapefruit","banana","kiwi","mango","avocado","blackberry","olive","blueberry","cherry","pear","pineapple","1529430781940","1529430199966","1529430457213","1529431525681","1529431777485","1529431921928","1529430266437","1529431728712","1529431638858","1529430713924","1529431007459"
"308KJXFUJRRZOU5VBX617M9NUAXATO","3MID1PD49GFHHGQUCLTH9ZC5OKGKWZ","Is this news real or fake? (<10 minutes; earn 3x your reward by bonuses!)","Tell us if you think these news pieces are real or fake.","experiment, game, fact-checking","$2.00","Tue Jun 19 10:38:13 PDT 2018","50","BatchId:3274304;OriginalHitTemplateId:920937336;","21600","3600","Tue Jun 26 10:38:13 PDT 2018","","","31LVTDXBL8V6QIG1U1VX55K3JEGLR9","A1H72Y9Z5NJXDS","Approved","Tue Jun 19 16:02:35 PDT 2018","Tue Jun 19 17:20:14 PDT 2018","Tue Jun 19 18:20:14 PDT 2018","2018-06-20 01:21:00 UTC","","","4659","100% (1/1)","100% (1/1)","100% (1/1)","{}","90","100","90","90","100","65","80","90","90","60","100","1529453850568","1529453278977","1529453923232","1529453590263","1529453878365","1529453411857","1529453719925","1529453528047","1529453488983","1529453794884","1529453811173","70","10","60","60","60","30","40","25","20","30","50","1529453853445","1529453289274","1529453949126","1529453643743","1529453901101","1529453420649","1529453724159","1529453524896","1529453491216","1529453769255","1529453826910","1","-1","1","1","1","-1","1","-1","-1","1","1","10","19","87","51","53","55","70","71","72","81","82","42430","81347","103744","118775","34248","68678","77055","38576","70590","70472","29945","1529453836035","1529453278503","1529453914858","1529453589645","1529453877691","1529453378078","1529453719332","1529453532269","1529453488406","1529453794250","1529453808724","1529453829564","1529453274125","1529453906242","1529453533316","1529453871994","1529453355472","1529453652091","1529453494740","1529453424150","1529453729147","1529453799619","grapefruit","Banana","kiwi","mango","avocado","blackberry","olive","blueberry","cherry","pear","pineapple","1529453863144","1529453293656","1529454007294","1529453640986","1529453896047","1529453407625","1529453697399","1529453520170","1529453429323","1529453766718","1529453824014"
"308KJXFUJRRZOU5VBX617M9NUAXATO","3MID1PD49GFHHGQUCLTH9ZC5OKGKWZ","Is this news real or fake? (<10 minutes; earn 3x your reward by bonuses!)","Tell us if you think these news pieces are real or fake.","experiment, game, fact-checking","$2.00","Tue Jun 19 10:38:13 PDT 2018","50","BatchId:3274304;OriginalHitTemplateId:920937336;","21600","3600","Tue Jun 26 10:38:13 PDT 2018","","","32UTUBMZ7HHM6GB6C8BDSZD1SO2VB8","A1U6A617Q95MTZ","Approved","Tue Jun 19 11:41:28 PDT 2018","Tue Jun 19 13:07:33 PDT 2018","Tue Jun 19 14:07:33 PDT 2018","2018-06-19 21:08:00 UTC","","","5165","100% (1/1)","100% (1/1)","100% (1/1)","{}","70","50","75","80","50","70","99","95","70","60","50","1529438650663","1529438119860","1529437949138","1529438379195","1529438693658","1529438588781","1529438823690","1529438756578","1529438004674","1529438553432","1529438180285","50","25","75","60","50","80","70","70","50","80","50","1529438653887","1529438069442","1529437952809","1529438383048","1529438697153","1529438590484","1529438809938","1529438759454","1529438006880","1529438559710","1529438182637","-1","-1","1","1","1","-1","-1","-1","-1","-1","1","10","19","87","51","53","55","70","71","72","81","82","39545","79366","98728","147762","62213","54077","72602","44026","61427","176338","116245","1529438649935","1529438065827","1529437948521","1529438259087","1529438693078","1529438587876","1529438805418","1529438755976","1529438004087","1529438552815","1529438179610","1529438617292","1529438043497","1529437883338","1529438239111","1529438656838","1529438563213","1529438763079","1529438719052","1529437982069","1529438386874","1529438122864","grapefruit","banana","kiwi","mango","avocado","blackberry","olive","blueberry","cherry","pear","pineapple","1529438637930","1529438056683","1529437972333","1529438248896","1529438715203","1529438576881","1529438797780","1529438748132","1529437993261","1529438414180","1529438155110"
"308KJXFUJRRZOU5VBX617M9NUAXATO","3MID1PD49GFHHGQUCLTH9ZC5OKGKWZ","Is this news real or fake? (<10 minutes; earn 3x your reward by bonuses!)","Tell us if you think these news pieces are real or fake.","experiment, game, fact-checking","$2.00","Tue Jun 19 10:38:13 PDT 2018","50","BatchId:3274304;OriginalHitTemplateId:920937336;","21600","3600","Tue Jun 26 10:38:13 PDT 2018","","","33NF62TLXKNE8OF61WANOELXKV4KJW","A1AKX1C8GCVCTP","Approved","Tue Jun 19 10:38:22 PDT 2018","Tue Jun 19 11:23:30 PDT 2018","Tue Jun 19 12:23:30 PDT 2018","2018-06-19 19:24:00 UTC","","","2708","100% (2/2)","100% (1/1)","100% (1/1)","{}","60","75","50","60","50","50","50","50","50","60","60","1529432526927","1529430552614","1529430433286","1529432582542","1529432454199","1529430481582","1529430391527","1529432541686","1529432442022","1529432512966","1529432420855","60","60","50","60","50","50","50","50","50","60","60","1529432528314","1529430555110","1529430436223","1529432584120","1529432455504","1529430483982","1529430394471","1529432543217","1529432443498","1529432516543","1529432424030","1","1","-1","1","-1","1","1","1","1","1","-1","10","19","87","51","53","55","70","71","72","81","82","16252","111968","55140","36104","27223","46999","17725","21183","15663","42394","1821802","1529432526257","1529430552000","1529430431342","1529432580942","1529432453198","1529430475109","1529430390966","1529432538606","1529432440711","1529432512246","1529432420263","1529432519279","1529430500222","1529430398082","1529432556716","1529432449660","1529430453223","1529430380356","1529432535532","1529432433993","1529432476885","1529430612191","grapefruit","banana","kiwi","mango","avocado","blackberry","olive","blueberry","cherry","pear","pineapple","1529432529257","1529430599198","1529430448006","1529432584913","1529432474271","1529430496022","1529430385231","1529432544280","1529432447335","1529432503958","1529432410271"
"308KJXFUJRRZOU5VBX617M9NUAXATO","3MID1PD49GFHHGQUCLTH9ZC5OKGKWZ","Is this news real or fake? (<10 minutes; earn 3x your reward by bonuses!)","Tell us if you think these news pieces are real or fake.","experiment, game, fact-checking","$2.00","Tue Jun 19 10:38:13 PDT 2018","50","BatchId:3274304;OriginalHitTemplateId:920937336;","21600","3600","Tue Jun 26 10:38:13 PDT 2018","","","34HJIJKLP6H2LHQXXT1QKL7VIWLV42","AVJUIF9QHQRY8","Approved","Tue Jun 19 10:38:28 PDT 2018","Tue Jun 19 12:04:20 PDT 2018","Tue Jun 19 13:04:20 PDT 2018","2018-06-19 20:05:00 UTC","","","5152","100% (2/2)","100% (1/1)","100% (1/1)","{}","60","70","50","60","50","65","50","70","60","75","50","1529434775320","1529434937978","1529434650782","1529434540089","1529430908673","1529431110025","1529434233608","1529430699800","1529434856592","1529432720630","1529434475229","60","30","60","60","50","60","40","20","40","60","40","1529434777707","1529434944385","1529434654469","1529434609888","1529430810980","1529431119238","1529434236304","1529430704082","1529434859373","1529432723940","1529434477621","1","-1","1","1","-1","-1","1","-1","-1","-1","-1","10","19","87","51","53","55","70","71","72","81","82","90939","172422","89151","142002","175471","328221","1611675","99877","62981","1475317","150956","1529434805860","1529434936239","1529434649746","1529434539364","1529430795517","1529431108669","1529434203443","1529430698894","1529434851049","1529432720364","1529434474134","1529434724909","1529434878829","1529434635757","1529434493755","1529430752115","1529430927586","1529432731124","1529430652238","1529434815848","1529431255807","1529434342799","grapefruit","Banana","kiwi","mango","avocado","blackberry","olive","blueberry","cherry","pear","pineapple","1529434808773","1529435048553","1529434722268","1529434633307","1529430902004","1529431253050","1529434338439","1529430733400","1529434861411","1529432727827","1529434490440"
"308KJXFUJRRZOU5VBX617M9NUAXATO","3MID1PD49GFHHGQUCLTH9ZC5OKGKWZ","Is this news real or fake? (<10 minutes; earn 3x your reward by bonuses!)","Tell us if you think these news pieces are real or fake.","experiment, game, fact-checking","$2.00","Tue Jun 19 10:38:13 PDT 2018","50","BatchId:3274304;OriginalHitTemplateId:920937336;","21600","3600","Tue Jun 26 10:38:13 PDT 2018","","","34QN5IT0T0CNBHCJ6Z3EG4XAQM508N","A2FLOH4DM8A4ZS","Approved","Tue Jun 19 10:38:25 PDT 2018","Tue Jun 19 16:23:19 PDT 2018","Tue Jun 19 17:23:19 PDT 2018","2018-06-20 00:24:00 UTC","","","20694","100% (1/1)","100% (1/1)","100% (1/1)","{}","90","75","50","100","99","75","100","99","100","50","100","1529450534370","1529450352305","1529446711217","1529446642602","1529450431066","1529450503394","1529450577089","1529450410082","1529450373233","1529449823337","1529447050738","90","50","50","50","10","50","80","50","1","50","1","1529450537612","1529450354218","1529446713234","1529446644450","1529450433194","1529450504466","1529450578170","1529450412233","1529450374433","1529449824683","1529447059641","-1","-1","-1","-1","-1","1","-1","-1","-1","1","-1","10","19","87","51","53","55","70","71","72","81","82","41031","540503","49542","76078","47055","45328","39433","26584","23742","2747144","364385","1529450524911","1529450347889","1529446694832","1529446641593","1529450430496","1529450502785","1529450572457","1529450400464","1529450372752","1529449815001","1529447050000","1529450510737","1529449827521","1529446666449","1529446590371","1529450418353","1529450465408","1529450551768","1529450391768","1529450368024","1529447080377","1529446715992","grapefruit","Banana","kiwi","mango","avocado","blackberry","olive","blueberry","cherry","pear","pineapple","1529450538275","1529450364738","1529446708264","1529446664265","1529450463409","1529450505002","1529450580338","1529450414195","1529450388721","1529449825035","1529447077554"
"308KJXFUJRRZOU5VBX617M9NUAXATO","3MID1PD49GFHHGQUCLTH9ZC5OKGKWZ","Is this news real or fake? (<10 minutes; earn 3x your reward by bonuses!)","Tell us if you think these news pieces are real or fake.","experiment, game, fact-checking","$2.00","Tue Jun 19 10:38:13 PDT 2018","50","BatchId:3274304;OriginalHitTemplateId:920937336;","21600","3600","Tue Jun 26 10:38:13 PDT 2018","","","352YTHGROWYX3GVDS4KM5KGMAHB4HM","A2FL477TMKC91L","Approved","Tue Jun 19 10:38:21 PDT 2018","Tue Jun 19 10:52:08 PDT 2018","Tue Jun 19 11:52:08 PDT 2018","2018-06-19 18:53:00 UTC","","","827","100% (1/1)","100% (1/1)","100% (1/1)","{}","75","90","90","90","75","100","80","70","80","95","80","1529430497533","1529430653114","1529430075633","1529430120142","1529430376088","1529430587325","1529430689402","1529430176044","1529430542545","1529430240775","1529430299060","35","20","70","80","60","10","70","40","40","75","70","1529430503121","1529430658603","1529430079971","1529430123966","1529430379134","1529430596305","1529430694820","1529430180405","1529430554642","1529430251786","1529430303277","-1","-1","1","1","-1","-1","1","-1","-1","1","1","10","19","87","51","53","55","70","71","72","81","82","79826","62114","155817","38173","97320","40008","59329","55527","48241","66074","73426","1529430453348","1529430652426","1529430070864","1529430118993","1529430352313","1529430566952","1529430684572","1529430174691","1529430530727","1529430240101","1529430291866","1529430432820","1529430600898","1529429946479","1529430102296","1529430335499","1529430560889","1529430663012","1529430140470","1529430512647","1529430195998","1529430262073","grapefruit","banana","kiwi","mango","avocado","blackberry","olive","blueberry","cherry","pear","pineapple","1529430509812","1529430625355","1529430086914","1529430137081","1529430424218","1529430575987","1529430719180","1529430192290","1529430557913","1529430259296","1529430314320"
"308KJXFUJRRZOU5VBX617M9NUAXATO","3MID1PD49GFHHGQUCLTH9ZC5OKGKWZ","Is this news real or fake? (<10 minutes; earn 3x your reward by bonuses!)","Tell us if you think these news pieces are real or fake.","experiment, game, fact-checking","$2.00","Tue Jun 19 10:38:13 PDT 2018","50","BatchId:3274304;OriginalHitTemplateId:920937336;","21600","3600","Tue Jun 26 10:38:13 PDT 2018","","","35LDD5557BP49WLR4TNF46DEOPZKM0","AKZ8SFOAI4RZN","Approved","Tue Jun 19 10:38:24 PDT 2018","Tue Jun 19 11:13:03 PDT 2018","Tue Jun 19 12:13:03 PDT 2018","2018-06-19 19:14:00 UTC","","","2079","100% (1/1)","100% (1/1)","100% (1/1)","{}","80","55","60","75","75","70","70","68","60","65","85","1529431745328","1529431968743","1529431569023","1529431255967","1529431831105","1529431134432","1529431680920","1529431881927","1529431439184","1529430995560","1529431323007","25","50","55","70","65","70","65","25","35","30","15","1529431748638","1529431965457","1529431575889","1529431259431","1529431834368","1529431139000","1529431694288","1529431897592","1529431447207","1529430925000","1529431362023","-1","1","1","1","1","1","-1","-1","-1","-1","-1","10","19","87","51","53","55","70","71","72","81","82","58496","76872","124631","109658","92711","151508","116953","52512","84378","225432","100619","1529431744199","1529431971111","1529431568166","1529431255198","1529431829879","1529431133718","1529431680294","1529431881414","1529431437863","1529430917367","1529431322334","1529431699463","1529431903183","1529431457879","1529431163222","1529431757959","1529431011714","1529431582510","1529431850671","1529431373501","1529430786282","1529431272882","grapefruit","Banana","kiwi","mango","avocado","blackberry","olive","blueberry","cherry","pear","pineapple","1529431754151","1529431964151","1529431574194","1529431263143","1529431846655","1529431070559","1529431642430","1529431894271","1529431445775","1529430987776","1529431358695"
"308KJXFUJRRZOU5VBX617M9NUAXATO","3MID1PD49GFHHGQUCLTH9ZC5OKGKWZ","Is this news real or fake? (<10 minutes; earn 3x your reward by bonuses!)","Tell us if you think these news pieces are real or fake.","experiment, game, fact-checking","$2.00","Tue Jun 19 10:38:13 PDT 2018","50","BatchId:3274304;OriginalHitTemplateId:920937336;","21600","3600","Tue Jun 26 10:38:13 PDT 2018","","","35USIKEBNS13SZL2EQ8E72XWSKPN6Y","A36SM7QM8OK3H6","Approved","Tue Jun 19 10:38:25 PDT 2018","Tue Jun 19 16:16:23 PDT 2018","Tue Jun 19 17:16:23 PDT 2018","2018-06-20 00:17:00 UTC","","","20278","100% (1/1)","100% (1/1)","100% (1/1)","{}","99","50","95","90","50","90","50","80","66","50","75","1529449770341","1529449973191","1529449747435","1529449714250","1529449845363","1529450176556","1529449705999","1529450099123","1529450078718","1529449856716","1529449631881","40","50","70","66","80","50","25","70","30","50","25","1529449771464","1529449974513","1529449749313","1529449715455","1529449847001","1529450181306","1529449699122","1529450100456","1529450081034","1529449871378","1529449634055","1","1","1","1","1","-1","1","-1","-1","1","-1","10","19","87","51","53","55","70","71","72","81","82","30998","24375","29657","15164","66976","74624","65658","17567","114844","102058","78754","1529449768909","1529449971009","1529449746557","1529449713896","1529449844623","1529450176312","1529449696468","1529450098853","1529450077999","1529449855525","1529449620443","1529449752218","1529449952250","1529449722561","1529449707397","1529449783216","1529450109038","1529449641739","1529450091469","1529449976625","1529449850192","1529449562985","grapefruit","banana","kiwi","mango","avocado","blackberry","olive","blueberry","cherry","pear","pineapple","1529449780907","1529449975281","1529449750752","1529449720839","1529449848481","1529450182354","1529449699945","1529450108315","1529450090818","1529449950779","1529449636598"
"308KJXFUJRRZOU5VBX617M9NUAXATO","3MID1PD49GFHHGQUCLTH9ZC5OKGKWZ","Is this news real or fake? (<10 minutes; earn 3x your reward by bonuses!)","Tell us if you think these news pieces are real or fake.","experiment, game, fact-checking","$2.00","Tue Jun 19 10:38:13 PDT 2018","50","BatchId:3274304;OriginalHitTemplateId:920937336;","21600","3600","Tue Jun 26 10:38:13 PDT 2018","","","37TD41K0AIUPOTM8WD23SWZCB58SC7","A96EW0W9DVLJ6","Approved","Tue Jun 19 10:38:26 PDT 2018","Tue Jun 19 11:51:50 PDT 2018","Tue Jun 19 12:51:50 PDT 2018","2018-06-19 19:52:00 UTC","","","4404","100% (1/1)","100% (1/1)","100% (1/1)","{}","80","90","70","60","80","90","75","75","60","75","60","1529434052019","1529433045881","1529434211723","1529434147003","1529434284235","1529433540024","1529433860773","1529434253145","1529433976861","1529433402558","1529433705263","60","80","80","60","90","80","80","90","80","60","40","1529434055118","1529433041294","1529434214604","1529434150054","1529434288253","1529433541866","1529433864443","1529434255164","1529433985300","1529433406836","1529433713185","-1","1","-1","1","1","1","1","1","-1","1","1","10","19","87","51","53","55","70","71","72","81","82","70020","270904","68170","94606","41474","103940","149267","36872","115563","374874","172545","1529434051104","1529433027524","1529434210874","1529434074730","1529434264737","1529433539278","1529433859862","1529434251865","1529433956641","1529433400903","1529433694956","1529433988871","1529432801776","1529434153498","1529434058892","1529434258543","1529433447554","1529433724040","1529434221669","1529433873308","1529433072679","1529433551495","grapefruit","Banana","kiwi","mango","avocado","blackberry","olive","blueberry","cherry","pear","pineapple","1529434043829","1529433055336","1529434185353","1529434143945","1529434281009","1529433547349","1529433871318","1529434245078","1529433924799","1529433437614","1529433673299"
"308KJXFUJRRZOU5VBX617M9NUAXATO","3MID1PD49GFHHGQUCLTH9ZC5OKGKWZ","Is this news real or fake? (<10 minutes; earn 3x your reward by bonuses!)","Tell us if you think these news pieces are real or fake.","experiment, game, fact-checking","$2.00","Tue Jun 19 10:38:13 PDT 2018","50","BatchId:3274304;OriginalHitTemplateId:920937336;","21600","3600","Tue Jun 26 10:38:13 PDT 2018","","","37UQDCYH6YGZ448GZRZXNXR59YBV7M","A2SENAPNSXG9L","Approved","Tue Jun 19 10:38:28 PDT 2018","Tue Jun 19 12:55:05 PDT 2018","Tue Jun 19 13:55:05 PDT 2018","2018-06-19 20:56:00 UTC","","","8197","100% (1/1)","100% (1/1)","100% (1/1)","{}","60","50","50","70","65","65","70","50","70","80","50","1529437704017","1529437853832","1529438021231","1529438096649","1529437571703","1529437764174","1529437793935","1529438067742","1529437728903","1529437992951","1529437691266","50","50","55","70","55","50","55","60","50","65","60","1529437706978","1529437856546","1529438023886","1529438098280","1529437572926","1529437765763","1529437795817","1529438069201","1529437730095","1529437995013","1529437631253","-1","1","-1","1","1","-1","-1","-1","-1","1","-1","10","19","87","51","53","55","70","71","72","81","82","24444","60499","36027","27733","54571","28573","30025","40159","21315","138514","79528","1529437703639","1529437809742","1529438009347","1529438096129","1529437570902","1529437759140","1529437793043","1529438067296","1529437728412","1529437992322","1529437628980","1529437693336","1529437797693","1529437996707","1529438072895","1529437559236","1529437739095","1529437767668","1529438032735","1529437717780","1529437858192","1529437613807","grapefruit","banana","kiwi","mango","avocado","blackberry","olive","blueberry","cherry","pear","pineapple","1529437711572","1529437851647","1529438024902","1529438086112","1529437577407","1529437761022","1529437778752","1529438055202","1529437736806","1529437981613","1529437678036"
"308KJXFUJRRZOU5VBX617M9NUAXATO","3MID1PD49GFHHGQUCLTH9ZC5OKGKWZ","Is this news real or fake? (<10 minutes; earn 3x your reward by bonuses!)","Tell us if you think these news pieces are real or fake.","experiment, game, fact-checking","$2.00","Tue Jun 19 10:38:13 PDT 2018","50","BatchId:3274304;OriginalHitTemplateId:920937336;","21600","3600","Tue Jun 26 10:38:13 PDT 2018","","","39ASUFLU6YSCH8SLMEELHSG7BWNXED","A2ADEPVGNNXNPA","Approved","Tue Jun 19 10:38:26 PDT 2018","Tue Jun 19 11:19:17 PDT 2018","Tue Jun 19 12:19:17 PDT 2018","2018-06-19 19:20:00 UTC","","","2451","100% (2/2)","100% (1/1)","100% (1/1)","{}","60","75","60","50","50","50","50","50","50","65","50","1529431922423","1529432308405","1529430167779","1529432079646","1529431954004","1529430126832","1529430008789","1529431995500","1529432295917","1529430224619","1529432097884","60","60","50","50","50","50","50","50","50","65","50","1529431931495","1529432312623","1529430153694","1529432086026","1529431956710","1529430129934","1529430014566","1529431996871","1529432299244","1529430229369","1529432099309","1","1","1","-1","-1","1","-1","-1","1","1","-1","10","19","87","51","53","55","70","71","72","81","82","1319170","30850","65008","82723","40900","37184","115947","17861","180559","421809","33487","1529431919340","1529432307334","1529430148028","1529432079103","1529431953529","1529430125441","1529430008093","1529431994189","1529432294792","1529430223981","1529432097343","1529430628046","1529432302756","1529430141229","1529432005977","1529431947216","1529430104045","1529429988098","1529431988116","1529432122197","1529430206237","1529432088710","grapefruit","banana","kiwi","mango","avocado","blackberry","olive","blueberry","cherry","pear","pineapple","1529431942483","1529432330342","1529430202566","1529432067461","1529431983035","1529430133177","1529430099269","1529432002564","1529432285478","1529430614815","1529432117334"
"308KJXFUJRRZOU5VBX617M9NUAXATO","3MID1PD49GFHHGQUCLTH9ZC5OKGKWZ","Is this news real or fake? (<10 minutes; earn 3x your reward by bonuses!)","Tell us if you think these news pieces are real or fake.","experiment, game, fact-checking","$2.00","Tue Jun 19 10:38:13 PDT 2018","50","BatchId:3274304;OriginalHitTemplateId:920937336;","21600","3600","Tue Jun 26 10:38:13 PDT 2018","","","39GAF6DQWSLLTITEABIOMN0S6CBV1P","A1K0S514CEY1UG","Approved","Tue Jun 19 10:38:29 PDT 2018","Tue Jun 19 12:47:41 PDT 2018","Tue Jun 19 13:47:41 PDT 2018","2018-06-19 20:48:00 UTC","","","7752","100% (1/1)","100% (1/1)","100% (1/1)","{}","100","70","79","80","80","50","95","98","50","100","75","1529436674425","1529436773817","1529436493904","1529437462802","1529437293240","1529436568757","1529437275840","1529437141912","1529436610467","1529437646559","1529436589238","0","50","60","20","75","70","95","75","60","90","70","1529436676318","1529437118353","1529436497049","1529437465011","1529437294977","1529436559871","1529437278278","1529437144113","1529436612204","1529437649496","1529436592455","-1","-1","1","-1","1","-1","1","1","1","1","1","10","19","87","51","53","55","70","71","72","81","82","35463","440155","631170","168569","20402","44689","132927","27040","50046","181981","23811","1529436673853","1529436766759","1529436493115","1529437462187","1529437291593","1529436547046","1529437275212","1529437141196","1529436609791","1529437645867","1529436588500","1529436644644","1529436680107","1529435894926","1529437300634","1529437280231","1529436526096","1529437147302","1529437120262","1529436594597","1529437469204","1529436570785","grapefruit","Banana","kiwi","mango","avocado","blackberry","olive","blueberry","cherry","pear","pineapple","1529436672071","1529436762954","1529436523238","1529437456573","1529437288605","1529436541891","1529437272817","1529437138427","1529436607630","1529437643917","1529436584208"
"308KJXFUJRRZOU5VBX617M9NUAXATO","3MID1PD49GFHHGQUCLTH9ZC5OKGKWZ","Is this news real or fake? (<10 minutes; earn 3x your reward by bonuses!)","Tell us if you think these news pieces are real or fake.","experiment, game, fact-checking","$2.00","Tue Jun 19 10:38:13 PDT 2018","50","BatchId:3274304;OriginalHitTemplateId:920937336;","21600","3600","Tue Jun 26 10:38:13 PDT 2018","","","3A7Y0R2P2P9KSOED0FPCE8TZG4JXJY","A34UER5ZQ5APMB","Approved","Tue Jun 19 10:38:29 PDT 2018","Tue Jun 19 11:07:25 PDT 2018","Tue Jun 19 12:07:25 PDT 2018","2018-06-19 19:08:00 UTC","","","1736","100% (1/1)","100% (1/1)","100% (1/1)","{}","100","85","50","55","75","66","50","60","50","70","75","1529430730011","1529431487782","1529431393453","1529431030812","1529431113045","1529431552725","1529430976342","1529430875921","1529431440754","1529431589519","1529431245057","35","50","30","30","60","60","35","50","45","60","40","1529430731781","1529431487599","1529431287421","1529431032813","1529431123326","1529431554141","1529430977676","1529430882233","1529431441830","1529431608070","1529431258933","-1","-1","-1","1","1","-1","-1","-1","-1","-1","-1","10","19","87","51","53","55","70","71","72","81","82","99361","66072","133224","55900","89050","42200","75901","145150","50876","77351","136128","1529430729528","1529431482186","1529431284356","1529431030165","1529431111984","1529431552127","1529430975852","1529430872909","1529431428974","1529431588784","1529431161853","1529430663695","1529431449286","1529431265186","1529430984107","1529431040007","1529431515358","1529430908206","1529430763056","1529431398410","1529431557559","1529431129057","grapefruit","banana","kiwi","mango","avocado","blackberry","olive","blueberry","cherry","pear","pineapple","1529430760662","1529431513108","1529431382837","1529431037782","1529431124944","1529431556038","1529430983574","1529430906515","1529431447128","1529431633661","1529431258025"
"308KJXFUJRRZOU5VBX617M9NUAXATO","3MID1PD49GFHHGQUCLTH9ZC5OKGKWZ","Is this news real or fake? (<10 minutes; earn 3x your reward by bonuses!)","Tell us if you think these news pieces are real or fake.","experiment, game, fact-checking","$2.00","Tue Jun 19 10:38:13 PDT 2018","50","BatchId:3274304;OriginalHitTemplateId:920937336;","21600","3600","Tue Jun 26 10:38:13 PDT 2018","","","3AUQQEL7U6ELMT8WESEO8IHI1K5V0M","A3VAAV7ZCSO7NA","Approved","Tue Jun 19 10:38:26 PDT 2018","Tue Jun 19 11:14:00 PDT 2018","Tue Jun 19 12:14:00 PDT 2018","2018-06-19 19:15:00 UTC","","","2134","100% (1/1)","100% (1/1)","100% (1/1)","{}","100","90","75","60","60","50","50","60","75","50","100","1529431765484","1529431157155","1529431671035","1529431886433","1529431275191","1529432017051","1529431039348","1529431962334","1529431115351","1529431549291","1529430840378","10","40","60","70","75","40","60","50","70","50","20","1529431740751","1529431187344","1529431672817","1529431890144","1529431281572","1529432020727","1529430976458","1529431964671","1529431119113","1529431553073","1529430862759","-1","-1","-1","1","-1","-1","1","-1","-1","-1","-1","10","19","87","51","53","55","70","71","72","81","82","101623","85184","76696","116008","88897","59947","127257","78989","79059","297287","225546","1529431707578","1529431156181","1529431669928","1529431885833","1529431274481","1529432016477","1529430972640","1529431961292","1529431114761","1529431548352","1529430839763","1529431676496","1529431128431","1529431599800","1529431778119","1529431213616","1529431973117","1529430922114","1529431894127","1529431049371","1529431302513","1529430696568","grapefruit","banana","kiwi","mango","avocado","blackberry","olive","blueberry","cherry","pear","pineapple","1529431742980","1529431184279","1529431656930","1529431827410","1529431301098","1529432023383","1529431018843","1529431967229","1529431125479","1529431594919","1529430868780"
"308KJXFUJRRZOU5VBX617M9NUAXATO","3MID1PD49GFHHGQUCLTH9ZC5OKGKWZ","Is this news real or fake? (<10 minutes; earn 3x your reward by bonuses!)","Tell us if you think these news pieces are real or fake.","experiment, game, fact-checking","$2.00","Tue Jun 19 10:38:13 PDT 2018","50","BatchId:3274304;OriginalHitTemplateId:920937336;","21600","3600","Tue Jun 26 10:38:13 PDT 2018","","","3BF51CHDTWVG4SDC93XKTHQ9T5V0H2","A13PXTFOXDCKBF","Approved","Tue Jun 19 10:38:30 PDT 2018","Tue Jun 19 11:00:28 PDT 2018","Tue Jun 19 12:00:28 PDT 2018","2018-06-19 19:01:00 UTC","","","1318","100% (1/1)","100% (1/1)","100% (1/1)","{}","90","70","50","80","60","70","50","60","60","70","80","1529431149684","1529431115668","1529431224109","1529431180085","1529431015028","1529431092173","1529430948435","1529431050093","1529430986644","1529430758277","1529430650333","20","50","30","30","40","30","60","40","50","80","80","1529431151176","1529431118197","1529431202080","1529431178028","1529431018789","1529431090732","1529430953229","1529431060378","1529430988957","1529430773528","1529430674087","-1","1","-1","-1","1","-1","1","-1","-1","1","1","10","19","87","51","53","55","70","71","72","81","82","31399","30352","37609","29639","42080","27638","194263","34592","20847","52789","192896","1529431141924","1529431112547","1529431196652","1529431165340","1529431013100","1529431072428","1529430904869","1529431049132","1529430982132","1529430757956","1529430649901","1529431127613","1529431097260","1529431188652","1529431159012","1529430992949","1529431069622","1529430777837","1529431035029","1529430972102","1529430725047","1529430532151","grapefruit","Banana","kiwi","mango","avocado","blackberry","olive","blueberry","cherry","pear","pineapple","1529431145644","1529431124652","1529431213445","1529431174436","1529431030685","1529431084292","1529430955604","1529431040732","1529430990557","1529430775412","1529430721173"
"308KJXFUJRRZOU5VBX617M9NUAXATO","3MID1PD49GFHHGQUCLTH9ZC5OKGKWZ","Is this news real or fake? (<10 minutes; earn 3x your reward by bonuses!)","Tell us if you think these news pieces are real or fake.","experiment, game, fact-checking","$2.00","Tue Jun 19 10:38:13 PDT 2018","50","BatchId:3274304;OriginalHitTemplateId:920937336;","21600","3600","Tue Jun 26 10:38:13 PDT 2018","","","3COPXFW7XCXAUZI4W9F7LA79TUAKPW","A3TAJQPYQE1GU4","Approved","Tue Jun 19 13:12:05 PDT 2018","Tue Jun 19 13:28:11 PDT 2018","Tue Jun 19 14:28:11 PDT 2018","2018-06-19 21:29:00 UTC","","","966","100% (1/1)","100% (1/1)","100% (1/1)","{}","95","90","60","55","90","60","60","60","50","80","100","1529439900570","1529440017978","1529439981914","1529439931924","1529439865341","1529439822979","1529439770092","1529440081867","1529440059284","1529439810073","1529439989510","95","50","50","30","90","70","60","50","50","80","50","1529439902333","1529440019826","1529439982741","1529439933551","1529439867430","1529439825244","1529439760981","1529440078958","1529440060939","1529439811843","1529439991403","-1","-1","-1","1","-1","-1","1","-1","-1","1","1","10","19","87","51","53","55","70","71","72","81","82","24540","32461","48486","29025","40812","28157","74183","25050","26464","40736","18926","1529439886530","1529440017425","1529439981334","1529439931283","1529439848806","1529439821826","1529439756191","1529440084416","1529440058110","1529439809317","1529439988953","1529439881955","1529440002933","1529439935521","1529439906495","1529439841143","1529439812986","1529439698065","1529440061858","1529440035394","1529439772250","1529439984007","grapefruit","banana","kiwi","mango","avocado","blackberry","olive","blueberry","cherry","pear","pineapple","1529439897685","1529440030793","1529439977928","1529439926501","1529439879714","1529439836785","1529439739458","1529440074921","1529440051148","1529439804199","1529439998868"
"308KJXFUJRRZOU5VBX617M9NUAXATO","3MID1PD49GFHHGQUCLTH9ZC5OKGKWZ","Is this news real or fake? (<10 minutes; earn 3x your reward by bonuses!)","Tell us if you think these news pieces are real or fake.","experiment, game, fact-checking","$2.00","Tue Jun 19 10:38:13 PDT 2018","50","BatchId:3274304;OriginalHitTemplateId:920937336;","21600","3600","Tue Jun 26 10:38:13 PDT 2018","","","3CP1TO84PUMBK9WVNO0PN8GYLX452W","A1MTRZDRKNB9GV","Approved","Tue Jun 19 16:39:13 PDT 2018","Tue Jun 19 17:39:14 PDT 2018","Tue Jun 19 18:39:14 PDT 2018","2018-06-20 01:40:00 UTC","","","3601","100% (1/1)","100% (1/1)","100% (1/1)","{}","85","85","90","85","75","95","50","75","85","95","55","1529454808707","1529454940516","1529454818787","1529454666123","1529454741915","1529454960221","1529454467730","1529455038156","1529454929467","1529455079396","1529455047372","85","65","90","90","80","65","60","50","65","50","65","1529454811934","1529454942652","1529454821156","1529454668884","1529454744684","1529454963051","1529454471187","1529455040636","1529454932253","1529455081732","1529455049906","1","1","1","1","1","1","1","1","1","1","1","10","19","87","51","53","55","70","71","72","81","82","66153","20430","47929","87806","75838","19942","120474","67401","73015","45631","31247","1529454807890","1529454939706","1529454818201","1529454665416","1529454741105","1529454959425","1529454466872","1529455037482","1529454928865","1529455078538","1529455046474","1529454747953","1529454935050","1529454814106","1529454584306","1529454672115","1529454955482","1529454463832","1529454975425","1529454862035","1529455074076","1529455042827","grapefruit","Banana","kiwi","mango","avocado","blackberry","olive","blueberry","cherry","pear","pineapple","1529454791092","1529454953092","1529454858580","1529454663533","1529454738925","1529454972956","1529454581787","1529455033284","1529454927076","1529455117182","1529455070988"
"308KJXFUJRRZOU5VBX617M9NUAXATO","3MID1PD49GFHHGQUCLTH9ZC5OKGKWZ","Is this news real or fake? (<10 minutes; earn 3x your reward by bonuses!)","Tell us if you think these news pieces are real or fake.","experiment, game, fact-checking","$2.00","Tue Jun 19 10:38:13 PDT 2018","50","BatchId:3274304;OriginalHitTemplateId:920937336;","21600","3600","Tue Jun 26 10:38:13 PDT 2018","","","3E337GFOLAT5PSA8Q3H0JTALMYSNG0","A2LT6KC1X51FVW","Approved","Tue Jun 19 16:39:24 PDT 2018","Tue Jun 19 16:59:14 PDT 2018","Tue Jun 19 17:59:14 PDT 2018","2018-06-20 01:00:00 UTC","","","1190","100% (2/2)","100% (1/1)","100% (1/1)","{}","50","75","73","57","95","80","80","65","50","82","50","1529451940962","1529451996225","1529452195496","1529452151872","1529451883744","1529452330833","1529452398940","1529452737724","1529452517601","1529452596511","1529452278130","50","40","69","52","84","50","41","80","50","49","50","1529451943947","1529451997949","1529452197706","1529452096677","1529451886902","1529452332619","1529452402930","1529452740320","1529452519247","1529452600315","1529452280093","-1","1","1","-1","1","-1","-1","1","-1","-1","-1","10","19","87","51","53","55","70","71","72","81","82","50158","54867","60491","151419","79475","46623","116918","41362","62283","187258","76841","1529451940541","1529451995537","1529452194405","1529452094189","1529451883032","1529452330188","1529452398311","1529452736944","1529452516937","1529452596032","1529452277613","1529451904163","1529451954321","1529452160610","1529452009190","1529451824688","1529452297944","1529452344568","1529452711027","1529452461486","1529452523769","1529452221102","grapefruit","Banana","kiwi","mango","avocado","blackberry","olive","blueberry","cherry","pear","pineapple","1529451946239","1529452001224","1529452217670","1529452103231","1529451892455","1529452340902","1529452407567","1529452743420","1529452519741","1529452603328","1529452292040"
"308KJXFUJRRZOU5VBX617M9NUAXATO","3MID1PD49GFHHGQUCLTH9ZC5OKGKWZ","Is this news real or fake? (<10 minutes; earn 3x your reward by bonuses!)","Tell us if you think these news pieces are real or fake.","experiment, game, fact-checking","$2.00","Tue Jun 19 10:38:13 PDT 2018","50","BatchId:3274304;OriginalHitTemplateId:920937336;","21600","3600","Tue Jun 26 10:38:13 PDT 2018","","","3EFE17QCRDQG51XOI5G43NWSOXDSHG","A2RBF3IIJP15IH","Approved","Tue Jun 19 10:38:28 PDT 2018","Tue Jun 19 14:57:42 PDT 2018","Tue Jun 19 15:57:42 PDT 2018","2018-06-19 22:58:00 UTC","","","15554","100% (1/1)","100% (1/1)","100% (1/1)","{}","50","60","60","100","80","70","60","80","70","60","80","1529445191818","1529445249208","1529445430635","1529444954361","1529445398551","1529445368362","1529445165037","1529445446118","1529445345287","1529445315993","1529436150857","50","50","60","20","70","60","60","70","60","50","30","1529445195761","1529445251152","1529445433164","1529444957744","1529445401509","1529445371030","1529445150418","1529445447834","1529445347279","1529445319203","1529436244770","1","1","1","-1","-1","1","1","1","1","-1","-1","10","19","87","51","53","55","70","71","72","81","82","32176","55063","33703","8611277","28925","24693","184315","15769","27010","68031","6285589","1529445191215","1529445247760","1529445430079","1529444953492","1529445398058","1529445367725","1529445018178","1529445445525","1529445344192","1529445308840","1529436150458","1529445168310","1529445200486","1529445404213","1529436372714","1529445375288","1529445350592","1529444983995","1529445437916","1529445323581","1529445255550","1529430087124","grapefruit","Banana","kiwi","mango","avocado","blackberry","olive","blueberry","cherry","pear","pineapple","1529445198390","1529445252728","1529445436829","1529444979585","1529445402785","1529445373778","1529445152202","1529445451381","1529445348559","1529445322122","1529436368843"
"308KJXFUJRRZOU5VBX617M9NUAXATO","3MID1PD49GFHHGQUCLTH9ZC5OKGKWZ","Is this news real or fake? (<10 minutes; earn 3x your reward by bonuses!)","Tell us if you think these news pieces are real or fake.","experiment, game, fact-checking","$2.00","Tue Jun 19 10:38:13 PDT 2018","50","BatchId:3274304;OriginalHitTemplateId:920937336;","21600","3600","Tue Jun 26 10:38:13 PDT 2018","","","3F6KKYWMNCM2D80HODGSD87O96CNDQ","A1NSHNH3MNFRGW","Approved","Tue Jun 19 10:38:26 PDT 2018","Tue Jun 19 11:27:22 PDT 2018","Tue Jun 19 12:27:22 PDT 2018","2018-06-19 19:28:00 UTC","","","2936","100% (1/1)","100% (1/1)","100% (1/1)","{}","100","70","50","55","100","80","100","60","80","75","70","1529432950328","1529432766274","1529432810360","1529432703499","1529432464457","1529432904899","1529432826690","1529432450201","1529432528950","1529432277872","1529432598375","70","75","50","50","90","20","95","60","70","80","70","1529432954892","1529432769977","1529432814379","1529432705157","1529432495402","1529432908268","1529432863729","1529432434020","1529432531044","1529432285598","1529432603996","1","1","1","-1","-1","-1","-1","1","-1","1","1","10","19","87","51","53","55","70","71","72","81","82","33101","61758","42136","105333","45726","61445","48648","63203","66853","176484","40174","1529432949574","1529432722158","1529432809834","1529432694439","1529432464081","1529432894567","1529432825663","1529432431157","1529432528478","1529432276517","1529432574581","1529432926599","1529432712611","1529432774370","1529432607278","1529432454525","1529432865154","1529432816506","1529432391321","1529432500251","1529432214836","1529432567104","grapefruit","Banana","kiwi","mango","avocado","blackberry","olive","blueberry","cherry","pear","pineapple","1529432947148","1529432756913","1529432803276","1529432685530","1529432491563","1529432902712","1529432857656","1529432422146","1529432533993","1529432389952","1529432596017"
"308KJXFUJRRZOU5VBX617M9NUAXATO","3MID1PD49GFHHGQUCLTH9ZC5OKGKWZ","Is this news real or fake? (<10 minutes; earn 3x your reward by bonuses!)","Tell us if you think these news pieces are real or fake.","experiment, game, fact-checking","$2.00","Tue Jun 19 10:38:13 PDT 2018","50","BatchId:3274304;OriginalHitTemplateId:920937336;","21600","3600","Tue Jun 26 10:38:13 PDT 2018","","","3FFJ6VRIL29G0NOWFLF5TTROTIA0IV","A1J2LT95B6EXC2","Approved","Tue Jun 19 10:38:32 PDT 2018","Tue Jun 19 15:54:12 PDT 2018","Tue Jun 19 16:54:12 PDT 2018","2018-06-19 23:55:00 UTC","","","18940","100% (1/1)","100% (1/1)","100% (1/1)","{}","99.5","{}","{}","{}","{}","{}","{}","99.5","{}","{}","{}","1529448761584","{}","{}","{}","{}","{}","{}","1529448397556","{}","{}","{}","99.9","{}","{}","{}","{}","{}","{}","99.5","{}","{}","{}","1529448765858","{}","{}","{}","{}","{}","{}","1529448457329","{}","{}","{}","1","","","","","","","1","","","","10","19","87","51","53","55","70","71","72","81","82","{}","{}","{}","{}","{}","{}","{}","365826","{}","{}","{}","1529448761081","{}","{}","{}","{}","{}","{}","1529448384489","{}","{}","{}","1529448747474","{}","{}","{}","{}","{}","{}","1529448381648","{}","{}","{}","Democracy Dies in Darkness","{}","{}","{}","{}","{}","{}","blueberry","{}","{}","{}","1529448845466","{}","{}","{}","{}","{}","{}","1529448745185","{}","{}","{}"
"308KJXFUJRRZOU5VBX617M9NUAXATO","3MID1PD49GFHHGQUCLTH9ZC5OKGKWZ","Is this news real or fake? (<10 minutes; earn 3x your reward by bonuses!)","Tell us if you think these news pieces are real or fake.","experiment, game, fact-checking","$2.00","Tue Jun 19 10:38:13 PDT 2018","50","BatchId:3274304;OriginalHitTemplateId:920937336;","21600","3600","Tue Jun 26 10:38:13 PDT 2018","","","3FPRZHYEPZSH3L7TXFW7AGFP4WPV3H","A1DUPOUC9RNU4L","Approved","Tue Jun 19 10:38:27 PDT 2018","Tue Jun 19 12:32:46 PDT 2018","Tue Jun 19 13:32:46 PDT 2018","2018-06-19 20:33:00 UTC","","","6859","100% (1/1)","100% (1/1)","100% (1/1)","{}","100","90","100","100","100","100","100","100","80","100","100","1529436663503","1529436750095","1529435886456","1529436493384","1529436583769","1529436025135","1529436193069","1529435447853","1529436124955","1529436380680","1529435581030","45","20","50","25","60","40","80","30","50","80","70","1529436668195","1529436754251","1529435891027","1529436507178","1529436587017","1529436029549","1529436197442","1529435465607","1529436131959","1529436384344","1529435585787","-1","1","1","1","1","1","1","-1","-1","1","1","10","19","87","51","53","55","70","71","72","81","82","41807","86500","316961","122012","121122","125029","65690","90644","101935","187214","88495","1529436662873","1529436749212","1529435885616","1529436470361","1529436563701","1529436023572","1529436192384","1529435446727","1529436124303","1529436379918","1529435579658","1529436631436","1529436673243","1529435591472","1529436388301","1529436510314","1529435908433","1529436135397","1529435412331","1529436033462","1529436201087","1529435502975","grapefruit","banana","kiwi","mango","avocado","blackberry","olive","blueberry","cherry","pear","pineapple","1529436655895","1529436725463","1529435880204","1529436497948","1529436627593","1529436021281","1529436168468","1529435494993","1529436121239","1529436373031","1529435555754"
"308KJXFUJRRZOU5VBX617M9NUAXATO","3MID1PD49GFHHGQUCLTH9ZC5OKGKWZ","Is this news real or fake? (<10 minutes; earn 3x your reward by bonuses!)","Tell us if you think these news pieces are real or fake.","experiment, game, fact-checking","$2.00","Tue Jun 19 10:38:13 PDT 2018","50","BatchId:3274304;OriginalHitTemplateId:920937336;","21600","3600","Tue Jun 26 10:38:13 PDT 2018","","","3GU1KF0O4JM91WEAQW2EM7OJ601PBH","A125KW9P18V5Z1","Approved","Tue Jun 19 10:38:23 PDT 2018","Tue Jun 19 11:00:08 PDT 2018","Tue Jun 19 12:00:08 PDT 2018","2018-06-19 19:01:00 UTC","","","1305","100% (1/1)","100% (1/1)","100% (1/1)","{}","75","70","65","65","55","55","60","60","55","55","55","1529430505350","1529431027957","1529430967826","1529431139116","1529430903311","1529431194656","1529430584172","1529430824289","1529431073144","1529430744600","1529430452286","35","40","70","55","60","65","60","60","50","70","50","1529430510522","1529431031246","1529430971937","1529431142824","1529430908636","1529431196723","1529430588438","1529430828434","1529431075489","1529430752377","1529430420630","-1","-1","1","-1","-1","-1","1","-1","1","1","1","10","19","87","51","53","55","70","71","72","81","82","58229","59867","62941","67052","79823","56501","100909","76588","43706","138596","188308","1529430504752","1529431027392","1529430967137","1529431138300","1529430902806","1529431194109","1529430583319","1529430823726","1529431072392","1529430742936","1529430413396","1529430458399","1529430975486","1529430912545","1529431079060","1529430832722","1529431146114","1529430516628","1529430756133","1529431035353","1529430617537","1529430270091","grapefruit","banana","kiwi","mango","avocado","blackberry","olive","blueberry","cherry","pear","pineapple","1529430468317","1529431021216","1529430948286","1529431121197","1529430893703","1529431190122","1529430595468","1529430792568","1529431063649","1529430719745","1529430430642"
"308KJXFUJRRZOU5VBX617M9NUAXATO","3MID1PD49GFHHGQUCLTH9ZC5OKGKWZ","Is this news real or fake? (<10 minutes; earn 3x your reward by bonuses!)","Tell us if you think these news pieces are real or fake.","experiment, game, fact-checking","$2.00","Tue Jun 19 10:38:13 PDT 2018","50","BatchId:3274304;OriginalHitTemplateId:920937336;","21600","3600","Tue Jun 26 10:38:13 PDT 2018","","","3I33IC7ZWGN8QF8CIKR6VJWKD8P2AD","A2W3I2GBGDB637","Approved","Tue Jun 19 10:38:22 PDT 2018","Tue Jun 19 15:49:42 PDT 2018","Tue Jun 19 16:49:42 PDT 2018","2018-06-19 23:50:00 UTC","","","18680","100% (1/1)","100% (1/1)","100% (1/1)","{}","85","70","60","90","90","60","75","65","60","50","80","1529447963765","1529448428321","1529447890161","1529448134610","1529448259419","1529448063126","1529447748439","1529448550931","1529448469126","1529448323529","1529448513950","65","70","50","60","85","50","60","80","70","65","70","1529447973648","1529448433534","1529447885734","1529448138489","1529448264220","1529448071856","1529447754269","1529448556723","1529448472455","1529448331969","1529448517978","1","-1","1","1","1","1","1","-1","-1","1","-1","10","19","87","51","53","55","70","71","72","81","82","95885","79609","92284","97320","111333","92935","164340","33720","25646","83805","54897","1529447962733","1529448426531","1529447848333","1529448133288","1529448257520","1529448061520","1529447746319","1529448550278","1529448468520","1529448321706","1529448513350","1529447897447","1529448378730","1529447805161","1529448086268","1529448183590","1529447993332","1529447640821","1529448538885","1529448458340","1529448294924","1529448483988","grapefruit","banana","kiwi","mango","avocado","blackberry","olive","blueberry","cherry","pear","pineapple","1529447988223","1529448454655","1529447871208","1529448180045","1529448287059","1529448081278","1529447802017","1529448568620","1529448480915","1529448372520","1529448534615"
"308KJXFUJRRZOU5VBX617M9NUAXATO","3MID1PD49GFHHGQUCLTH9ZC5OKGKWZ","Is this news real or fake? (<10 minutes; earn 3x your reward by bonuses!)","Tell us if you think these news pieces are real or fake.","experiment, game, fact-checking","$2.00","Tue Jun 19 10:38:13 PDT 2018","50","BatchId:3274304;OriginalHitTemplateId:920937336;","21600","3600","Tue Jun 26 10:38:13 PDT 2018","","","3IHR8NYAM8MPGXT1BHSRETIDW8L4PR","A110KENBXU7SUJ","Approved","Tue Jun 19 10:38:25 PDT 2018","Tue Jun 19 13:59:11 PDT 2018","Tue Jun 19 14:59:11 PDT 2018","2018-06-19 22:00:00 UTC","","","12046","100% (5/5)","100% (1/1)","100% (1/1)","{}","60","50","75","50","70","80","55","65","55","60","60","1529441824965","1529441803551","1529441600006","1529441572221","1529441891891","1529441842683","1529441661587","1529441498593","1529441548505","1529441920399","1529441630093","40","25","70","65","20","40","60","70","45","45","45","1529441826725","1529441747557","1529441602316","1529441574125","1529441897106","1529441844893","1529441665366","1529441500147","1529441550445","1529441923506","1529441631605","-1","1","1","-1","-1","-1","-1","1","1","-1","-1","10","19","87","51","53","55","70","71","72","81","82","29700","68916","28512","32710","50272","22900","91778","51165","38365","35174","25522","1529441824444","1529441744648","1529441598969","1529441571698","1529441865719","1529441842183","1529441661152","1529441489930","1529441547682","1529441919835","1529441629301","1529441807378","1529441738461","1529441592648","1529441559938","1529441859978","1529441837078","1529441646682","1529441470407","1529441521572","1529441910250","1529441621160","grapefruit","banana","kiwi","mango","avocado","blackberry","olive","blueberry","cherry","pear","pineapple","1529441832069","1529441795046","1529441603709","1529441576996","1529441899437","1529441850533","1529441666445","1529441507043","1529441556354","1529441927126","1529441641198"
"308KJXFUJRRZOU5VBX617M9NUAXATO","3MID1PD49GFHHGQUCLTH9ZC5OKGKWZ","Is this news real or fake? (<10 minutes; earn 3x your reward by bonuses!)","Tell us if you think these news pieces are real or fake.","experiment, game, fact-checking","$2.00","Tue Jun 19 10:38:13 PDT 2018","50","BatchId:3274304;OriginalHitTemplateId:920937336;","21600","3600","Tue Jun 26 10:38:13 PDT 2018","","","3ITXP059PX4CW7SE65JPF0C71PHSJL","A1V9G7V6ZYACIR","Approved","Tue Jun 19 10:38:29 PDT 2018","Tue Jun 19 16:24:38 PDT 2018","Tue Jun 19 17:24:38 PDT 2018","2018-06-20 00:25:00 UTC","","","20769","100% (1/1)","100% (1/1)","100% (1/1)","{}","100","100","90","100","50","98","99","90","100","80","100","1529449202256","1529450539828","1529449154617","1529449243412","1529449730851","1529450463200","1529449340975","1529450338753","1529450665348","1529450616986","1529450423395","100","50","50","95","50","50","50","50","50","50","90","1529449203848","1529450541548","1529449157027","1529449245408","1529449733593","1529450464852","1529449343286","1529450341692","1529450667989","1529450618623","1529450425252","-1","-1","-1","-1","1","-1","-1","-1","1","1","1","10","19","87","51","53","55","70","71","72","81","82","35678","80570","386021","33178","388866","45520","94120","610471","48593","67719","81849","1529449201961","1529450539515","1529449153553","1529449242776","1529449730246","1529450462773","1529449340685","1529450338205","1529450664755","1529450616478","1529450422831","1529449183866","1529450473549","1529448797845","1529449219544","1529449346843","1529450428029","1529449252723","1529449735709","1529450621838","1529450554119","1529450346180","grapefruit","banana","kiwi","mango","avocado","blackberry","olive","blueberry","cherry","pear","pineapple","1529449205718","1529450546259","1529449159866","1529449247809","1529449726400","1529450466518","1529449334501","1529450321229","1529450654194","1529450606596","1529450394416"
"308KJXFUJRRZOU5VBX617M9NUAXATO","3MID1PD49GFHHGQUCLTH9ZC5OKGKWZ","Is this news real or fake? (<10 minutes; earn 3x your reward by bonuses!)","Tell us if you think these news pieces are real or fake.","experiment, game, fact-checking","$2.00","Tue Jun 19 10:38:13 PDT 2018","50","BatchId:3274304;OriginalHitTemplateId:920937336;","21600","3600","Tue Jun 26 10:38:13 PDT 2018","","","3JBT3HLQF9N5JUHQWAIH8PVMX3NZPX","A1CSDIX05PK9V","Approved","Tue Jun 19 10:38:19 PDT 2018","Tue Jun 19 11:02:08 PDT 2018","Tue Jun 19 12:02:08 PDT 2018","2018-06-19 19:03:00 UTC","","","1429","100% (1/1)","100% (1/1)","100% (1/1)","{}","100","80","70","80","90","60","70","60","80","90","60","1529430971742","1529431181316","1529431314565","1529431270694","1529431134138","1529431215684","1529431083393","1529430782848","1529430835857","1529430911683","1529431048429","90","60","60","50","70","50","50","50","30","80","60","1529430973137","1529431182353","1529431315391","1529431271451","1529431135078","1529431216625","1529431084556","1529430784776","1529430837131","1529430914518","1529431054331","1","1","1","1","1","-1","1","-1","-1","1","-1","10","19","87","51","53","55","70","71","72","81","82","40821","45283","43424","54816","52740","34049","31461","95377","47537","96079","74585","1529430971146","1529431180860","1529431314144","1529431270173","1529431133684","1529431215255","1529431082877","1529430772052","1529430834015","1529430911134","1529431047608","1529430940973","1529431140580","1529431274728","1529431219912","1529431087840","1529431185863","1529431056379","1529430701980","1529430797357","1529430844894","1529430981794","grapefruit","banana","kiwi","mango","avocado","blackberry","olive","blueberry","cherry","pear","pineapple","1529430975275","1529431183627","1529431315997","1529431271842","1529431136918","1529431217393","1529431085484","1529430789504","1529430841251","1529430939093","1529431050706"
"308KJXFUJRRZOU5VBX617M9NUAXATO","3MID1PD49GFHHGQUCLTH9ZC5OKGKWZ","Is this news real or fake? (<10 minutes; earn 3x your reward by bonuses!)","Tell us if you think these news pieces are real or fake.","experiment, game, fact-checking","$2.00","Tue Jun 19 10:38:13 PDT 2018","50","BatchId:3274304;OriginalHitTemplateId:920937336;","21600","3600","Tue Jun 26 10:38:13 PDT 2018","","","3K3R2QNK8CO358799YNC57GSQHR9UO","A2VRDE2FHCBMF8","Approved","Tue Jun 19 10:38:30 PDT 2018","Tue Jun 19 12:17:35 PDT 2018","Tue Jun 19 13:17:35 PDT 2018","2018-06-19 20:18:00 UTC","","","5945","100% (1/1)","100% (1/1)","100% (1/1)","{}","70","70","70","70","70","70","70","70","70","70","70","1529435068323","1529435354663","1529435813983","1529433716456","1529435523188","1529435657681","1529435463506","1529433019159","1529432918293","1529435231401","1529433962170","80","85","85","35","80","70","30","65","65","80","60","1529435072030","1529435361448","1529435820574","1529433726985","1529435526516","1529435660048","1529435466826","1529433022775","1529432923773","1529435234274","1529433967675","1","1","1","-1","1","1","-1","-1","1","1","-1","10","19","87","51","53","55","70","71","72","81","82","1115410","143965","182079","97227","52771","131661","97664","726201","168574","147596","191062","1529435067227","1529435354125","1529435813022","1529433715720","1529435522411","1529435656848","1529435431623","1529433018465","1529432917620","1529435230760","1529433828933","1529433976194","1529435239202","1529435665265","1529433687905","1529435480833","1529435533604","1529435383169","1529432961704","1529432793130","1529435091605","1529433785132","grapefruit","banana","kiwi","mango","avocado","blackberry","olive","blueberry","cherry","pear","pineapple","1529435088619","1529435359190","1529435845296","1529433771228","1529435530884","1529435662378","1529435460145","1529433680432","1529432951301","1529435228809","1529433970780"
"308KJXFUJRRZOU5VBX617M9NUAXATO","3MID1PD49GFHHGQUCLTH9ZC5OKGKWZ","Is this news real or fake? (<10 minutes; earn 3x your reward by bonuses!)","Tell us if you think these news pieces are real or fake.","experiment, game, fact-checking","$2.00","Tue Jun 19 10:38:13 PDT 2018","50","BatchId:3274304;OriginalHitTemplateId:920937336;","21600","3600","Tue Jun 26 10:38:13 PDT 2018","","","3KIBXJ1WD6FS9Z63H92SWA2JJPEKOF","A30YUB0WTMKX73","Approved","Tue Jun 19 10:38:26 PDT 2018","Tue Jun 19 10:50:23 PDT 2018","Tue Jun 19 11:50:23 PDT 2018","2018-06-19 18:51:00 UTC","","","717","100% (1/1)","100% (1/1)","100% (1/1)","{}","100","100","100","70","100","100","100","100","70","70","90","1529430426816","1529430291457","1529429955315","1529430486361","1529430499275","1529430595825","1529430151527","1529430532350","1529430099191","1529430398375","1529430243800","20","90","90","80","30","40","70","70","60","50","40","1529430428265","1529430292568","1529429956746","1529430487372","1529430500455","1529430597062","1529430152685","1529430533680","1529430101454","1529430399526","1529430244837","-1","1","1","-1","-1","-1","1","1","-1","-1","-1","10","19","87","51","53","55","70","71","72","81","82","33918","43483","118484","56250","19721","83993","66115","26301","82079","106252","55589","1529430426329","1529430291004","1529429954448","1529430485909","1529430498927","1529430595225","1529430151019","1529430531877","1529430098603","1529430396517","1529430243078","1529430402615","1529430252879","1529429930612","1529430436533","1529430492783","1529430538806","1529430131175","1529430512505","1529430049096","1529430296362","1529430197290","grapefruit","banana","kiwi","mango","avocado","blackberry","olive","blueberry","cherry","pear","pineapple","1529430429485","1529430293239","1529430046869","1529430488648","1529430507400","1529430619235","1529430191317","1529430534652","1529430118392","1529430394157","1529430250223"
"308KJXFUJRRZOU5VBX617M9NUAXATO","3MID1PD49GFHHGQUCLTH9ZC5OKGKWZ","Is this news real or fake? (<10 minutes; earn 3x your reward by bonuses!)","Tell us if you think these news pieces are real or fake.","experiment, game, fact-checking","$2.00","Tue Jun 19 10:38:13 PDT 2018","50","BatchId:3274304;OriginalHitTemplateId:920937336;","21600","3600","Tue Jun 26 10:38:13 PDT 2018","","","3L0KT67Y8F12RWNDS5KSPNRVEW5SY0","A34LRS5WXFCCIY","Approved","Tue Jun 19 16:28:24 PDT 2018","Tue Jun 19 17:29:06 PDT 2018","Tue Jun 19 18:29:06 PDT 2018","2018-06-20 01:30:00 UTC","","","3642","100% (1/1)","100% (1/1)","100% (1/1)","{}","95","100","62","60","55","67","55","75","85","80","90","1529454531914","1529454173454","1529454400202","1529453476608","1529454439094","1529453909204","1529454320537","1529453960234","1529454090514","1529454037305","1529453228883","48","80","25","55","45","68","30","45","75","65","68","1529454534820","1529454187461","1529454405358","1529453380214","1529454442564","1529453914993","1529454325031","1529453963722","1529454095330","1529454042026","1529453246165","1","-1","-1","1","-1","-1","1","-1","1","1","1","10","19","87","51","53","55","70","71","72","81","82","39536","89814","59386","168752","89266","446816","156414","45263","47428","82889","138600","1529454514617","1529454125135","1529454399657","1529453370930","1529454429831","1529453908719","1529454319919","1529453959696","1529454090208","1529454036610","1529453228081","1529454500574","1529454105691","1529454351921","1529453314540","1529454411307","1529453483293","1529454195506","1529453930110","1529454058262","1529453975373","1529453175940","grapefruit","banana","kiwi","mango","avocado","blackberry","olive","blueberry","cherry","pear","pineapple","1529454523643","1529454168732","1529454393810","1529453448470","1529454496668","1529453924975","1529454328676","1529453970911","1529454099035","1529454048033","1529453254911"
"308KJXFUJRRZOU5VBX617M9NUAXATO","3MID1PD49GFHHGQUCLTH9ZC5OKGKWZ","Is this news real or fake? (<10 minutes; earn 3x your reward by bonuses!)","Tell us if you think these news pieces are real or fake.","experiment, game, fact-checking","$2.00","Tue Jun 19 10:38:13 PDT 2018","50","BatchId:3274304;OriginalHitTemplateId:920937336;","21600","3600","Tue Jun 26 10:38:13 PDT 2018","","","3MD9PLUKKJZ5G95DGV5P40QRXOMZN1","A0017268R9SKD8U2Y3F","Approved","Tue Jun 19 10:55:26 PDT 2018","Tue Jun 19 11:49:25 PDT 2018","Tue Jun 19 12:49:25 PDT 2018","2018-06-19 19:50:00 UTC","","","3239","100% (1/1)","100% (1/1)","100% (1/1)","{}","60","50","80","80","80","75","67","75","90","50","99","1529434145626","1529433444983","1529434045652","1529433409601","1529433920486","1529433311132","1529433952798","1529433973517","1529434099845","1529433601764","1529433748985","50","50","80","50","45","50","49","60","50","50","75","1529434137455","1529433446084","1529434047706","1529433411105","1529433856079","1529433315612","1529433954868","1529433974857","1529434106815","1529433603528","1529433752211","-1","1","1","1","1","-1","1","1","-1","-1","-1","10","19","87","51","53","55","70","71","72","81","82","47244","37961","97240","70036","165365","160697","29933","24860","29083","165920","147054","1529434135633","1529433444191","1529434045246","1529433409016","1529433873365","1529433310720","1529433951707","1529433972519","1529434099369","1529433597721","1529433748329","1529434112517","1529433415101","1529433986194","1529433345065","1529433766036","1529433184368","1529433931401","1529433961334","1529434083434","1529433453062","1529433618982","grapefruit","banana","kiwi","mango","avocado","blackberry","olive","blueberry","cherry","pear","pineapple","1529434149771","1529433450835","1529434068968","1529433395167","1529433922294","1529433333049","1529433958943","1529433976770","1529434110789","1529433604817","1529433762886"
"308KJXFUJRRZOU5VBX617M9NUAXATO","3MID1PD49GFHHGQUCLTH9ZC5OKGKWZ","Is this news real or fake? (<10 minutes; earn 3x your reward by bonuses!)","Tell us if you think these news pieces are real or fake.","experiment, game, fact-checking","$2.00","Tue Jun 19 10:38:13 PDT 2018","50","BatchId:3274304;OriginalHitTemplateId:920937336;","21600","3600","Tue Jun 26 10:38:13 PDT 2018","","","3OJSZ2ATDTHI6AT1T0HKJZX6WAA75S","A2MCG5W6LHSRG9","Approved","Tue Jun 19 10:38:28 PDT 2018","Tue Jun 19 12:02:37 PDT 2018","Tue Jun 19 13:02:37 PDT 2018","2018-06-19 20:03:00 UTC","","","5049","100% (1/1)","100% (1/1)","100% (1/1)","{}","55","60","70","70","60","55","70","60","60","60","60","1529434694813","1529434598037","1529434463165","1529434322269","1529430303092","1529434526474","1529434391960","1529434644274","1529434939170","1529434807785","1529434884026","60","60","60","40","70","50","70","50","40","55","50","1529434690671","1529434600759","1529434460009","1529434323529","1529430307332","1529434530747","1529434393192","1529434645252","1529434940399","1529434809120","1529434889517","-1","1","1","-1","1","1","1","1","-1","1","-1","10","19","87","51","53","55","70","71","72","81","82","44002","68149","68323","4022918","193874","69977","66795","49244","55666","120284","75847","1529434689413","1529434596548","1529434456577","1529434321867","1529430263537","1529434525818","1529434391161","1529434643807","1529434937116","1529434807290","1529434882002","1529434655184","1529434537791","1529434399491","1529430309777","1529430115903","1529434467814","1529434332695","1529434605940","1529434895317","1529434699186","1529434819470","grapefruit","Banana","kiwi","mango","avocado","blackberry","olive","blueberry","cherry","pear","pineapple","1529434696695","1529434602032","1529434462159","1529434327921","1529430283514","1529434533563","1529434394921","1529434649724","1529434943983","1529434814600","1529434886807"
"308KJXFUJRRZOU5VBX617M9NUAXATO","3MID1PD49GFHHGQUCLTH9ZC5OKGKWZ","Is this news real or fake? (<10 minutes; earn 3x your reward by bonuses!)","Tell us if you think these news pieces are real or fake.","experiment, game, fact-checking","$2.00","Tue Jun 19 10:38:13 PDT 2018","50","BatchId:3274304;OriginalHitTemplateId:920937336;","21600","3600","Tue Jun 26 10:38:13 PDT 2018","","","3P59JYT76M5D5B7LOKINQOMC10AT2V","AM8HWCZFGT1O5","Approved","Tue Jun 19 19:26:54 PDT 2018","Tue Jun 19 20:02:19 PDT 2018","Tue Jun 19 21:02:19 PDT 2018","2018-06-20 04:03:00 UTC","","","2125","100% (1/1)","100% (1/1)","100% (1/1)","{}","75","100","75","100","100","100","100","80","100","100","60","1529463596348","1529463531376","1529463650937","1529463126730","1529463056478","1529463503138","1529463332458","1529463694964","1529463472466","1529463158891","1529463394476","60","75","65","75","75","90","85","75","85","65","40","1529463598018","1529463545152","1529463656895","1529463129708","1529463062000","1529463504431","1529463334519","1529463701762","1529463474239","1529463275309","1529463397946","1","1","1","1","1","1","1","1","1","1","-1","10","19","87","51","53","55","70","71","72","81","82","43084","62289","54814","51144","80242","28333","39782","32149","30946","174751","101701","1529463595989","1529463530393","1529463650514","1529463126143","1529463056085","1529463502710","1529463331565","1529463690069","1529463471946","1529463158413","1529463393592","1529463580899","1529463518610","1529463623983","1529463091950","1529463011708","1529463490275","1529463317845","1529463678797","1529463459329","1529463143094","1529463357627","grapefruit","banana","kiwi","mango","avocado","blackberry","olive","blueberry","cherry","pear","pineapple","1529463620321","1529463575700","1529463675120","1529463140600","1529463068664","1529463515884","1529463339172","1529463706423","1529463485370","1529463315683","1529463454773"
"308KJXFUJRRZOU5VBX617M9NUAXATO","3MID1PD49GFHHGQUCLTH9ZC5OKGKWZ","Is this news real or fake? (<10 minutes; earn 3x your reward by bonuses!)","Tell us if you think these news pieces are real or fake.","experiment, game, fact-checking","$2.00","Tue Jun 19 10:38:13 PDT 2018","50","BatchId:3274304;OriginalHitTemplateId:920937336;","21600","3600","Tue Jun 26 10:38:13 PDT 2018","","","3PPTZCWALR5QJ6I5WNX68ULW2Z9ZQO","A2WT6FV92737W6","Approved","Tue Jun 19 16:39:03 PDT 2018","Tue Jun 19 17:22:27 PDT 2018","Tue Jun 19 18:22:27 PDT 2018","2018-06-20 01:23:00 UTC","","","2604","100% (1/1)","100% (1/1)","100% (1/1)","{}","70","80","60","60","90","70","60","70","70","70","90","1529453688066","1529453905819","1529454122006","1529453561610","1529453843538","1529453462150","1529453965932","1529454059126","1529454009922","1529453788979","1529453638370","70","40","30","50","80","80","70","60","50","90","70","1529453693878","1529453909249","1529454124438","1529453565854","1529453845831","1529453467424","1529453968569","1529454063231","1529454013470","1529453792115","1529453642207","1","1","1","-1","1","1","1","1","1","1","1","10","19","87","51","53","55","70","71","72","81","82","60345","61986","68042","71681","51258","119083","59262","45572","46280","90484","67935","1529453686950","1529453904689","1529454113334","1529453560361","1529453842874","1529453460971","1529453964903","1529454058346","1529454009171","1529453788183","1529453637745","1529453652901","1529453854988","1529454068088","1529453513284","1529453803730","1529453394201","1529453916974","1529454022516","1529453976236","1529453713246","1529453584965","grapefruit","Banana","kiwi","mango","avocado","blackberry","olive","blueberry","cherry","pear","pineapple","1529453698505","1529453901396","1529454109809","1529453578961","1529453839458","1529453501500","1529453960643","1529454055414","1529454006223","1529453784301","1529453646334"
"308KJXFUJRRZOU5VBX617M9NUAXATO","3MID1PD49GFHHGQUCLTH9ZC5OKGKWZ","Is this news real or fake? (<10 minutes; earn 3x your reward by bonuses!)","Tell us if you think these news pieces are real or fake.","experiment, game, fact-checking","$2.00","Tue Jun 19 10:38:13 PDT 2018","50","BatchId:3274304;OriginalHitTemplateId:920937336;","21600","3600","Tue Jun 26 10:38:13 PDT 2018","","","3QBD8R3Z2247VXH0WHFCPTDNM3P4OA","A35NM2285DUAFH","Approved","Tue Jun 19 10:38:25 PDT 2018","Tue Jun 19 11:31:02 PDT 2018","Tue Jun 19 12:31:02 PDT 2018","2018-06-19 19:32:00 UTC","","","3157","100% (1/1)","100% (1/1)","100% (1/1)","{}","100","75","100","80","65","80","75","75","60","60","50","1529432066390","1529432537351","1529432327987","1529433053039","1529432956638","1529432004203","1529432248198","1529432884623","1529432194455","1529432415569","1529432864362","10","50","80","30","50","75","40","50","50","40","50","1529432067824","1529432540042","1529432329217","1529433054640","1529432958391","1529432007573","1529432250197","1529432886246","1529432196221","1529432418799","1529432865701","-1","-1","1","1","1","-1","-1","-1","1","1","1","10","19","87","51","53","55","70","71","72","81","82","44263","120461","88985","95557","73208","88721","51857","21352","118336","76975","324386","1529432065488","1529432532233","1529432326698","1529433052588","1529432956194","1529432003240","1529432247542","1529432883982","1529432193382","1529432415014","1529432863551","1529432041509","1529432421927","1529432255967","1529432961335","1529432888126","1529431952788","1529432204109","1529432866774","1529432085773","1529432344952","1529432542388","grapefruit","Banana","kiwi","mango","avocado","blackberry","olive","blueberry","cherry","pear","pineapple","1529432076270","1529432533342","1529432341484","1529433047960","1529432950285","1529432014812","1529432233146","1529432880630","1529432199029","1529432411278","1529432858797"
"308KJXFUJRRZOU5VBX617M9NUAXATO","3MID1PD49GFHHGQUCLTH9ZC5OKGKWZ","Is this news real or fake? (<10 minutes; earn 3x your reward by bonuses!)","Tell us if you think these news pieces are real or fake.","experiment, game, fact-checking","$2.00","Tue Jun 19 10:38:13 PDT 2018","50","BatchId:3274304;OriginalHitTemplateId:920937336;","21600","3600","Tue Jun 26 10:38:13 PDT 2018","","","3TXWC2NHN0BNQVF5KTSCQ6Y45K5S9Q","A1945USNZHTROX","Approved","Tue Jun 19 10:38:25 PDT 2018","Tue Jun 19 11:31:00 PDT 2018","Tue Jun 19 12:31:00 PDT 2018","2018-06-19 19:32:00 UTC","","","3155","100% (1/1)","100% (1/1)","100% (1/1)","{}","100","100","100","100","50","100","100","80","100","100","100","1529431607506","1529432834954","1529431746924","1529432748125","1529432570297","1529432660007","1529432175046","1529432402757","1529432327355","1529431880477","1529431995908","5","5","75","0","25","5","5","25","30","50","10","1529431609678","1529432836785","1529431748687","1529432749691","1529432638528","1529432662154","1529432176424","1529432404707","1529432329131","1529431972728","1529431997128","-1","-1","1","-1","1","-1","-1","-1","-1","1","-1","10","19","87","51","53","55","70","71","72","81","82","128520","219526","106127","88114","114815","101860","141844","139289","78877","144876","191620","1529431605925","1529432834499","1529431740053","1529432747640","1529432539515","1529432659417","1529432174083","1529432402209","1529432326716","1529431879901","1529431980408","1529431595573","1529432831537","1529431724093","1529432743423","1529432526746","1529432641563","1529432166726","1529432387457","1529432308580","1529431830230","1529431975106","grapefruit","Banana","kiwi","mango","avocado","blackberry","olive","blueberry","cherry","pear","pineapple","1529431722524","1529432888221","1529431827562","1529432755357","1529432566588","1529432670764","1529432241520","1529432409302","1529432331173","1529431874411","1529432105424"
"308KJXFUJRRZOU5VBX617M9NUAXATO","3MID1PD49GFHHGQUCLTH9ZC5OKGKWZ","Is this news real or fake? (<10 minutes; earn 3x your reward by bonuses!)","Tell us if you think these news pieces are real or fake.","experiment, game, fact-checking","$2.00","Tue Jun 19 10:38:13 PDT 2018","50","BatchId:3274304;OriginalHitTemplateId:920937336;","21600","3600","Tue Jun 26 10:38:13 PDT 2018","","","3U5NZHP4LSNJS9HWQOCA8IRH1D6PHX","A1TARNH07A75CG","Approved","Tue Jun 19 10:38:28 PDT 2018","Tue Jun 19 10:55:56 PDT 2018","Tue Jun 19 11:55:56 PDT 2018","2018-06-19 18:56:00 UTC","","","1048","100% (1/1)","100% (1/1)","100% (1/1)","{}","100","50","50","50","80","100","100","100","50","50","50","1529430874367","1529430165896","1529430784887","1529430275544","1529430675719","1529430021537","1529430502777","1529430629766","1529430225929","1529430382088","1529430934943","10","50","50","70","15","20","20","5","60","50","50","1529430876440","1529430168008","1529430787664","1529430278360","1529430678031","1529430026343","1529430504768","1529430633184","1529430209616","1529430384304","1529430938975","-1","-1","1","-1","-1","-1","-1","-1","-1","1","-1","10","19","87","51","53","55","70","71","72","81","82","38328","68756","104774","52217","101144","120584","143534","39329","58318","171072","62239","1529430866775","1529430165279","1529430784206","1529430275135","1529430674855","1529430020647","1529430502184","1529430629447","1529430206455","1529430381294","1529430934510","1529430843358","1529430104211","1529430738584","1529430231287","1529430637439","1529429983627","1529430454576","1529430598110","1529430172969","1529430283504","1529430881687","grapefruit","Banana","kiwi","mango","avocado","blackberry","olive","blueberry","cherry","pear","pineapple","1529430878567","1529430170288","1529430841976","1529430280760","1529430735775","1529430102208","1529430594920","1529430634719","1529430212840","1529430452888","1529430940985"
"308KJXFUJRRZOU5VBX617M9NUAXATO","3MID1PD49GFHHGQUCLTH9ZC5OKGKWZ","Is this news real or fake? (<10 minutes; earn 3x your reward by bonuses!)","Tell us if you think these news pieces are real or fake.","experiment, game, fact-checking","$2.00","Tue Jun 19 10:38:13 PDT 2018","50","BatchId:3274304;OriginalHitTemplateId:920937336;","21600","3600","Tue Jun 26 10:38:13 PDT 2018","","","3URFVVM1663IBZPMDWHBIVIL5KFUZO","A39Q4SNT7SRK94","Approved","Tue Jun 19 10:38:25 PDT 2018","Tue Jun 19 10:58:50 PDT 2018","Tue Jun 19 11:58:50 PDT 2018","2018-06-19 18:59:00 UTC","","","1225","100% (1/1)","100% (1/1)","100% (1/1)","{}","100","100","70","80","70","70","60","90","70","90","80","1529430956636","1529431008509","1529431123615","1529430919928","1529430972188","1529430987590","1529431022488","1529431072932","1529431047223","1529431084225","1529430910861","100","100","70","80","70","70","60","90","70","90","80","1529430958325","1529431009434","1529431124750","1529430921643","1529430973251","1529430988500","1529431024090","1529431073882","1529431048816","1529431085314","1529430909071","-1","-1","-1","1","-1","1","-1","1","1","-1","1","10","19","87","51","53","55","70","71","72","81","82","17438","20742","37044","28619","14777","15289","16377","24793","23322","13820","40923","1529430955991","1529431008366","1529431123338","1529430919252","1529430971535","1529430987071","1529431022111","1529431072601","1529431036796","1529431083894","1529430906828","1529430941979","1529430989484","1529431088538","1529430913360","1529430959417","1529430974195","1529431010226","1529431049925","1529431026603","1529431074718","1529430872437","grapefruit","banana","kiwi","mango","avocado","blackberry","olive","blueberry","cherry","pear","pineapple","1529430958862","1529431009877","1529431125137","1529430941380","1529430973874","1529430989005","1529431025770","1529431074230","1529431049546","1529431086094","1529430910348"
"308KJXFUJRRZOU5VBX617M9NUAXATO","3MID1PD49GFHHGQUCLTH9ZC5OKGKWZ","Is this news real or fake? (<10 minutes; earn 3x your reward by bonuses!)","Tell us if you think these news pieces are real or fake.","experiment, game, fact-checking","$2.00","Tue Jun 19 10:38:13 PDT 2018","50","BatchId:3274304;OriginalHitTemplateId:920937336;","21600","3600","Tue Jun 26 10:38:13 PDT 2018","","","3VNXK88KKD33INW9EOXH1TIB4OZV9Y","A1G17IJC53N6K3","Approved","Tue Jun 19 10:38:29 PDT 2018","Tue Jun 19 13:33:49 PDT 2018","Tue Jun 19 14:33:49 PDT 2018","2018-06-19 21:34:00 UTC","","","10520","100% (1/1)","100% (1/1)","100% (1/1)","{}","70","65","50","85","50","50","75","100","{}","70","50","1529439837505","1529440421022","1529438533685","1529440293334","1529438604269","1529440377178","1529438020234","1529439651794","{}","1529439276276","1529440026364","30","50","50","50","50","50","70","80","{}","65","50","1529439841412","1529440422796","1529438537580","1529440295947","1529438607498","1529440378317","1529438023646","1529439653800","{}","1529439278972","1529440027667","-1","1","1","-1","1","-1","1","-1","","1","-1","10","19","87","51","53","55","70","71","72","81","82","200899","{}","331516","266483","73454","89121","265332","375510","{}","667300","173082","1529439836711","1529440420239","1529438533030","1529440291794","1529438603349","1529440368145","1529438019654","1529439649293","{}","1529439275467","1529440025631","1529439659462","1529440389051","1529438211676","1529440033445","1529438543194","1529440299928","1529437946343","1529439283950","{}","1529438616648","1529439860363","grapefruit","banana","kiwi","mango","Avocado","blackberry","Olive","blueberry","{}","pear","pineapple","1529439856973","1529440425560","1529438540248","1529440296915","1529438609993","1529440385710","1529438208746","1529439657323","{}","1529439281013","1529440031207"
"308KJXFUJRRZOU5VBX617M9NUAXATO","3MID1PD49GFHHGQUCLTH9ZC5OKGKWZ","Is this news real or fake? (<10 minutes; earn 3x your reward by bonuses!)","Tell us if you think these news pieces are real or fake.","experiment, game, fact-checking","$2.00","Tue Jun 19 10:38:13 PDT 2018","50","BatchId:3274304;OriginalHitTemplateId:920937336;","21600","3600","Tue Jun 26 10:38:13 PDT 2018","","","3W2LOLRXLC0V6CYJ91JWQ57OUCYKRO","ADGH08WUP68ZF","Approved","Tue Jun 19 10:38:27 PDT 2018","Tue Jun 19 12:26:38 PDT 2018","Tue Jun 19 13:26:38 PDT 2018","2018-06-19 20:27:00 UTC","","","6491","100% (1/1)","100% (1/1)","100% (1/1)","{}","65","55","60","80","75","65","55","70","65","75","55","1529435223734","1529435955179","1529435841971","1529435429003","1529435892339","1529435317489","1529436291884","1529436027979","1529436369202","1529435777000","1529436159978","60","45","45","30","50","50","50","20","60","60","45","1529435231471","1529435971416","1529435849713","1529435432712","1529435894836","1529435319837","1529436294813","1529436030771","1529436372637","1529435780631","1529436171844","1","-1","-1","-1","-1","-1","1","-1","-1","1","-1","10","19","87","51","53","55","70","71","72","81","82","147678","78505","61278","114976","53494","75670","103911","60076","64273","344356","173236","1529435222012","1529435953765","1529435837965","1529435428223","1529435891518","1529435316864","1529436290906","1529436027186","1529436367864","1529435768672","1529436123291","1529435112192","1529435909648","1529435794872","1529435335540","1529435856152","1529435259870","1529436221465","1529435988153","1529436325376","1529435450516","1529436048229","grapefruit","banana","kiwi","mango","avocado","blackberry","olive","blueberry","cherry","pear","pineapple","1529435252183","1529435984425","1529435852301","1529435446909","1529435901392","1529435328799","1529436298659","1529436045536","1529436385376","1529435785573","1529436217406"
"308KJXFUJRRZOU5VBX617M9NUAXATO","3MID1PD49GFHHGQUCLTH9ZC5OKGKWZ","Is this news real or fake? (<10 minutes; earn 3x your reward by bonuses!)","Tell us if you think these news pieces are real or fake.","experiment, game, fact-checking","$2.00","Tue Jun 19 10:38:13 PDT 2018","50","BatchId:3274304;OriginalHitTemplateId:920937336;","21600","3600","Tue Jun 26 10:38:13 PDT 2018","","","3WS1NTTKEZXWQWM6ED9KQWEWDQI0F4","A28T38MOUG43YD","Approved","Tue Jun 19 10:38:32 PDT 2018","Tue Jun 19 13:15:16 PDT 2018","Tue Jun 19 14:15:16 PDT 2018","2018-06-19 21:16:00 UTC","","","9404","100% (1/1)","100% (1/1)","100% (1/1)","{}","75","85","60","80","75","60","75","75","70","60","80","1529439213768","1529438763544","1529439227191","1529439142280","1529439120480","1529438560903","1529438578472","1529438600640","1529438260960","1529439298368","1529438302223","50","30","50","30","40","50","70","60","60","60","70","1529439215760","1529438765960","1529439228615","1529439143432","1529439122416","1529438563335","1529438579719","1529438601775","1529438263607","1529439300080","1529438514838","-1","-1","-1","-1","-1","1","-1","1","-1","1","-1","10","19","87","51","53","55","70","71","72","81","82","65279","181552","67713","23391","338465","13256","26688","13264","32800","27679","269574","1529439213478","1529438762823","1529439226895","1529439141943","1529439119855","1529438560463","1529438578159","1529438600311","1529438260655","1529439297591","1529438301166","1529439153176","1529438609767","1529439218455","1529439129784","1529438791319","1529438556559","1529438569815","1529438596503","1529438254185","1529439286168","1529438286985","grapefruit","banana","kiwi","mango","avocado","blackberry","olive","blueberry","Cherry","pear","pineapple","1529439217359","1529438784000","1529439270352","1529439146295","1529439127456","1529438567775","1529438594993","1529438607024","1529438281592","1529439302256","1529438554024"
"308KJXFUJRRZOU5VBX617M9NUAXATO","3MID1PD49GFHHGQUCLTH9ZC5OKGKWZ","Is this news real or fake? (<10 minutes; earn 3x your reward by bonuses!)","Tell us if you think these news pieces are real or fake.","experiment, game, fact-checking","$2.00","Tue Jun 19 10:38:13 PDT 2018","50","BatchId:3274304;OriginalHitTemplateId:920937336;","21600","3600","Tue Jun 26 10:38:13 PDT 2018","","","3WYGZ5XF3X077RYWOQJ1GFCKGEHSKK","AKNYT1NTK2UFK","Approved","Tue Jun 19 10:38:29 PDT 2018","Tue Jun 19 14:17:33 PDT 2018","Tue Jun 19 15:17:33 PDT 2018","2018-06-19 22:18:00 UTC","","","13144","100% (1/1)","100% (1/1)","100% (1/1)","{}","50","80","65","60","75","75","60","50","60","50","50","1529442760844","1529442267749","1529442675087","1529442499332","1529442710560","1529442735274","1529442804947","1529442905395","1529442553423","1529442947407","1529442454017","50","25","50","50","50","50","50","50","50","50","50","1529442762793","1529442350468","1529442677715","1529442502028","1529442713851","1529442737244","1529442807182","1529442906567","1529442555819","1529442948841","1529442455861","-1","-1","1","1","-1","-1","1","-1","-1","1","-1","10","19","87","51","53","55","70","71","72","81","82","26199","139393","124009","33899","38252","18878","44470","99495","50673","139875","78266","1529442760118","1529442266832","1529442633544","1529442498419","1529442703170","1529442728098","1529442778643","1529442904663","1529442552617","1529442946482","1529442453292","1529442738960","1529442255589","1529442557821","1529442473249","1529442681830","1529442720082","1529442765159","1529442809630","1529442507148","1529442909125","1529442394983","grapefruit","banana","kiwi","mango","avocado","blackberry","olive","blueberry","cherry","pear","pineapple","1529442753071","1529442357322","1529442672312","1529442503612","1529442706170","1529442730872","1529442801529","1529442907585","1529442548749","1529442950627","1529442445985"
"308KJXFUJRRZOU5VBX617M9NUAXATO","3MID1PD49GFHHGQUCLTH9ZC5OKGKWZ","Is this news real or fake? (<10 minutes; earn 3x your reward by bonuses!)","Tell us if you think these news pieces are real or fake.","experiment, game, fact-checking","$2.00","Tue Jun 19 10:38:13 PDT 2018","50","BatchId:3274304;OriginalHitTemplateId:920937336;","21600","3600","Tue Jun 26 10:38:13 PDT 2018","","","3X4JMASXCNU6DFAQ9BNO76NBYSQ0BM","A2SKXKH9YXZYRI","Approved","Tue Jun 19 10:38:28 PDT 2018","Tue Jun 19 13:58:45 PDT 2018","Tue Jun 19 14:58:45 PDT 2018","2018-06-19 21:59:00 UTC","","","12017","100% (2/2)","100% (1/1)","100% (1/1)","{}","100","75","80","100","100","50","65","50","50","50","65","1529441899546","1529441181763","1529441617061","1529441528771","1529441413862","1529440979141","1529441235688","1529441812264","1529440762140","1529440881246","1529441326803","75","35","60","75","75","50","60","50","50","50","40","1529441903185","1529441186628","1529441619309","1529441553107","1529441422567","1529441009089","1529441238653","1529441815126","1529440663748","1529440888277","1529441331059","1","1","1","1","1","-1","1","1","-1","-1","-1","10","19","87","51","53","55","70","71","72","81","82","86573","173254","192923","121241","81543","130051","100626","68619","221276","119596","67334","1529441898810","1529441180957","1529441615465","1529441527740","1529441413173","1529440978396","1529441234857","1529441811394","1529440655990","1529440877787","1529441326239","1529441826848","1529441021306","1529441565305","1529441444064","1529441362521","1529440891255","1529441194560","1529441758228","1529440550383","1529440771659","1529441295186","grapefruit","banana","kiwi","mango","avocado","blackberry","olive","blueberry","cherry","pear","pineapple","1529441908965","1529441156343","1529441755633","1529441561407","1529441434269","1529441003114","1529441292184","1529441817542","1529440750761","1529440858759","1529441358202"
"308KJXFUJRRZOU5VBX617M9NUAXATO","3MID1PD49GFHHGQUCLTH9ZC5OKGKWZ","Is this news real or fake? (<10 minutes; earn 3x your reward by bonuses!)","Tell us if you think these news pieces are real or fake.","experiment, game, fact-checking","$2.00","Tue Jun 19 10:38:13 PDT 2018","50","BatchId:3274304;OriginalHitTemplateId:920937336;","21600","3600","Tue Jun 26 10:38:13 PDT 2018","","","3X73LLYYQ2ZJPO5JA9ZI4TMM1Y5NHZ","A2E5PZUD6W4OA1","Approved","Tue Jun 19 15:27:23 PDT 2018","Tue Jun 19 21:08:14 PDT 2018","Tue Jun 19 22:08:14 PDT 2018","2018-06-20 05:09:00 UTC","","","20451","100% (1/1)","100% (1/1)","100% (1/1)","{}","85","78","58","77","78","77","66","90","78","66","89","1529467246202","1529466017385","1529467216057","1529467528171","1529467598106","1529466905643","1529467572128","1529467619449","1529467649377","1529466870900","1529467686844","90","45","66","88","78","65","56","78","78","66","77","1529467247970","1529466021377","1529467224033","1529467521387","1529467595001","1529466907657","1529467574033","1529467621500","1529467653267","1529466792540","1529467688850","-1","1","-1","1","1","-1","-1","-1","-1","1","-1","10","19","87","51","53","55","70","71","72","81","82","41729","59544","297239","266112","23527","55231","41727","23648","32471","811294","35841","1529467242952","1529466016752","1529467215416","1529467527312","1529467582713","1529466905273","1529467571368","1529467618856","1529467648801","1529466788841","1529467686169","1529467226824","1529466003516","1529466929585","1529467268553","1529467576392","1529466874354","1529467534665","1529467599919","1529467623569","1529466063060","1529467656040","grapefruit","Banana","kiwi","mango","avocado","blackberry","olive","blueberry","cherry","pear","pineapple","1529467266676","1529466061467","1529467222954","1529467532451","1529467593204","1529466927759","1529467568833","1529467616747","1529467654970","1529466863481","1529467690006"
"308KJXFUJRRZOU5VBX617M9NUAXATO","3MID1PD49GFHHGQUCLTH9ZC5OKGKWZ","Is this news real or fake? (<10 minutes; earn 3x your reward by bonuses!)","Tell us if you think these news pieces are real or fake.","experiment, game, fact-checking","$2.00","Tue Jun 19 10:38:13 PDT 2018","50","BatchId:3274304;OriginalHitTemplateId:920937336;","21600","3600","Tue Jun 26 10:38:13 PDT 2018","","","3Y54SXRO1M6MPNGN74STW7H4KOTUT8","ABL3H3O3BI8ZD","Approved","Tue Jun 19 10:38:20 PDT 2018","Tue Jun 19 12:17:04 PDT 2018","Tue Jun 19 13:17:04 PDT 2018","2018-06-19 20:18:00 UTC","","","5924","100% (1/1)","100% (1/1)","100% (1/1)","{}","{}","{}","{}","{}","{}","90","35","{}","{}","{}","{}","{}","{}","{}","{}","{}","1529435738671","1529435785496","{}","{}","{}","{}","{}","{}","{}","{}","{}","10","45","{}","{}","{}","{}","{}","{}","{}","{}","{}","1529435744080","1529435788686","{}","{}","{}","{}","","","","","","1","1","","","","","10","19","87","51","53","55","70","71","72","81","82","{}","{}","{}","{}","{}","45600","{}","{}","{}","{}","{}","{}","{}","{}","{}","{}","1529435737534","1529435785107","{}","{}","{}","{}","{}","{}","{}","{}","{}","1529435735126","1529435780726","{}","{}","{}","{}","{}","{}","{}","{}","{}","blackberry","Olive","{}","{}","{}","{}","{}","{}","{}","{}","{}","1529435776022","1529435821995","{}","{}","{}","{}"
"308KJXFUJRRZOU5VBX617M9NUAXATO","3MID1PD49GFHHGQUCLTH9ZC5OKGKWZ","Is this news real or fake? (<10 minutes; earn 3x your reward by bonuses!)","Tell us if you think these news pieces are real or fake.","experiment, game, fact-checking","$2.00","Tue Jun 19 10:38:13 PDT 2018","50","BatchId:3274304;OriginalHitTemplateId:920937336;","21600","3600","Tue Jun 26 10:38:13 PDT 2018","","","3YJ6NA41JC1FJFCMEOFVKV7WE5APJ2","A1DHYSXOHE5VQL","Approved","Tue Jun 19 10:41:06 PDT 2018","Tue Jun 19 11:04:53 PDT 2018","Tue Jun 19 12:04:53 PDT 2018","2018-06-19 19:05:00 UTC","","","1427","100% (1/1)","100% (1/1)","100% (1/1)","{}","60","65","70","50","55","80","60","60","70","65","80","1529431248641","1529431501810","1529431328601","1529431006049","1529431157681","1529431481329","1529430356251","1529431029329","1529431445265","1529431415113","1529430918576","45","40","50","40","45","55","50","45","45","45","80","1529431251442","1529431505483","1529431332464","1529431008912","1529431107994","1529431483873","1529430586401","1529431033504","1529431447937","1529431417628","1529430921249","-1","1","1","1","-1","1","1","-1","1","-1","1","10","19","87","51","53","55","70","71","72","81","82","103232","22549","74944","85444","111072","38816","368453","33076","29880","84160","310663","1529431244929","1529431501305","1529431326760","1529431003537","1529431105313","1529431480705","1529430355601","1529431028768","1529431444857","1529431414184","1529430917849","1529431160793","1529431491825","1529431264025","1529430931200","1529431049721","1529431453009","1529430252084","1529431016645","1529431423129","1529431338969","1529430620537","grapefruit","banana","kiwi","mango","avocado","blackberry","olive","blueberry","cherry","pear","pineapple","1529431256809","1529431508777","1529431335633","1529431012009","1529431111449","1529431486808","1529430616625","1529431044819","1529431449977","1529431420177","1529430927098"
"308KJXFUJRRZOU5VBX617M9NUAXATO","3MID1PD49GFHHGQUCLTH9ZC5OKGKWZ","Is this news real or fake? (<10 minutes; earn 3x your reward by bonuses!)","Tell us if you think these news pieces are real or fake.","experiment, game, fact-checking","$2.00","Tue Jun 19 10:38:13 PDT 2018","50","BatchId:3274304;OriginalHitTemplateId:920937336;","21600","3600","Tue Jun 26 10:38:13 PDT 2018","","","3YMTUJH0DT1N8PM8SY1BJ3JALB64TW","A1KFUXSVGSHL5Z","Approved","Tue Jun 19 10:38:30 PDT 2018","Tue Jun 19 10:55:47 PDT 2018","Tue Jun 19 11:55:47 PDT 2018","2018-06-19 18:56:00 UTC","","","1037","100% (1/1)","100% (1/1)","100% (1/1)","{}","80","70","80","85","90","65","80","90","90","75","80","1529430624758","1529430109365","1529430879765","1529430803152","1529430317627","1529430450256","1529430250325","1529430921821","1529430018186","1529430706839","1529430588623","75","80","70","70","90","50","90","70","85","75","65","1529430626974","1529430111901","1529430880718","1529430804203","1529430320122","1529430452937","1529430252267","1529430923812","1529430020762","1529430708250","1529430590342","1","1","1","1","1","1","1","1","-1","1","-1","10","19","87","51","53","55","70","71","72","81","82","41937","70835","61043","110578","79070","128766","138733","53438","65143","78442","129877","1529430624228","1529430108829","1529430879381","1529430802744","1529430317106","1529430449575","1529430225627","1529430926220","1529430017729","1529430706263","1529430580948","1529430592308","1529430045027","1529430823265","1529430712687","1529430254595","1529430333665","1529430115862","1529430884308","1529429979884","1529430634245","1529430462431","grapefruit","banana","kiwi","mango","avocado","blackberry","olive","blueberry","cherry","pear","pineapple","1529430627814","1529430104574","1529430881926","1529430805002","1529430322076","1529430455593","1529430221485","1529430931772","1529430041722","1529430709546","1529430583660"
"308KJXFUJRRZOU5VBX617M9NUAXATO","3MID1PD49GFHHGQUCLTH9ZC5OKGKWZ","Is this news real or fake? (<10 minutes; earn 3x your reward by bonuses!)","Tell us if you think these news pieces are real or fake.","experiment, game, fact-checking","$2.00","Tue Jun 19 10:38:13 PDT 2018","50","BatchId:3274304;OriginalHitTemplateId:920937336;","21600","3600","Tue Jun 26 10:38:13 PDT 2018","","","3ZSANO2JCGSWR56INFS402KF8I0SFI","A1JV64BL3WCK0G","Approved","Tue Jun 19 10:38:28 PDT 2018","Tue Jun 19 16:35:32 PDT 2018","Tue Jun 19 17:35:32 PDT 2018","2018-06-20 00:36:00 UTC","","","21424","100% (1/1)","100% (1/1)","100% (1/1)","{}","75","75","50","65","65","65","90","65","50","90","75","1529450566279","1529450305283","1529450448086","1529450801714","1529450892225","1529451258668","1529450949672","1529451315491","1529451176731","1529451100129","1529450678200","65","50","75","60","60","60","75","60","65","80","75","1529450572880","1529450309826","1529450461454","1529450804702","1529450895829","1529451261583","1529450953456","1529451319487","1529451179896","1529451105220","1529450673666","1","-1","1","1","1","-1","1","-1","1","1","1","10","19","87","51","53","55","70","71","72","81","82","106076","84624","137337","108913","82682","84537","92405","57450","69632","106084","139021","1529450565601","1529450303512","1529450447390","1529450801101","1529450891416","1529451254450","1529450949166","1529451313432","1529451176080","1529451099116","1529450661765","1529450478769","1529450256808","1529450341432","1529450723867","1529450832780","1529451183584","1529450915462","1529451268122","1529451113952","1529451007867","1529450584845","grapefruit","banana","kiwi","mango","avocado","blackberry","olive","blueberry","cherry","pear","pineapple","1529450577517","1529450321990","1529450466135","1529450808747","1529450898776","1529451229773","1529450966388","1529451301739","1529451148597","1529451086108","1529450719406"